web_scraper_order,web_scraper_start_url,data,data2,data3,data4,data5,price,data6,data7,data8,data9,data10,data11,data12,data13,data14,data15,data16,data17,data18,data19,data20,data21,data22,data23,data24,data25,image,image2,image3,image4,image5,image6,image7,image8,image9,image10,image11,image12,image13,image14,image15,image16,image17
"1773523835-1","https://www.alibaba.com/search/page?spm=a2700.prosearch.the-new-header_fy23_pc_search_bar.associationItem_pos_4&SearchScene=proSearch&SearchText=chocolates+for+sexual+enhancement&pro=true&from=pcHomeContent","Male Support Soft Candy Daily Full of Vitality Supplement Gentle Care Boost Energy with Maca Root Muir Puama Horny Goat Extract","Fuzhou City Gulou District Zongzongmi Food Firm (individual Business)","1 yr","Min. order: 50 pieces","≤2h response time","$3.69","","","","","","","","","","","Easy Return","CN","Chat now","Add to cart","","","","","","Easy Return","https://s.alicdn.com/@sc04/kf/H4719ce4910914ff7aa61d96e027c8ebe8.jpg_300x300.jpg","https://s.alicdn.com/@img/imgextra/i4/O1CN01QUhXLX1lDaB0DYt9b_!!6000000004785-2-tps-34-34.png","","","https://s.alicdn.com/@img/imgextra/i1/O1CN01H0fqnK1Gpp8Bpra4W_!!6000000000672-55-tps-20-21.svg","https://s.alicdn.com/@img/imgextra/i1/O1CN01Qlzniu1tBJAdJ8zsY_!!6000000005863-2-tps-283-45.png?webp=close&avif=close","","","https://s.alicdn.com/@u/mobile/g/common/flags/1.0.0/assets/cn.png","","https://s.alicdn.com/@img/imgextra/i2/O1CN01lUQbI41ymTPgE2qXM_!!6000000006621-55-tps-12-10.svg","","","","https://s.alicdn.com/@img/imgextra/i1/O1CN01skevju1mJMrEIZqWk_!!6000000004933-55-tps-21-21.svg","https://s.alicdn.com/@img/imgextra/i1/O1CN01skevju1mJMrEIZqWk_!!6000000004933-55-tps-21-21.svg","https://s.alicdn.com/@img/imgextra/i4/O1CN01QUhXLX1lDaB0DYt9b_!!6000000004785-2-tps-34-34.png"
"1773523835-2","https://www.alibaba.com/search/page?spm=a2700.prosearch.the-new-header_fy23_pc_search_bar.associationItem_pos_4&SearchScene=proSearch&SearchText=chocolates+for+sexual+enhancement&pro=true&from=pcHomeContent","ODM/OEM Multivitamin Made Enhancement Pleasure Gummies Maca Gummies Horny Goat Gummies Kidney Nutritons","Norlish International Trade (Gansu) Co., Ltd.","1 yr","Min. order: 500 units","30% reorder rate","$2.90-3.50","Enhancement","","≤1h response time","","","","","4.8","4.8/5.0","(10)","","CN","Chat now","","","","","","","","https://s.alicdn.com/@sc04/kf/H5ebbd6e09d6d42ac90466c9de433adabj.jpg_300x300.jpg","","","","https://s.alicdn.com/@img/imgextra/i1/O1CN01H0fqnK1Gpp8Bpra4W_!!6000000000672-55-tps-20-21.svg","","","","https://s.alicdn.com/@u/mobile/g/common/flags/1.0.0/assets/cn.png","","https://s.alicdn.com/@img/imgextra/i2/O1CN01lUQbI41ymTPgE2qXM_!!6000000006621-55-tps-12-10.svg","","","","https://s.alicdn.com/@img/imgextra/i1/O1CN01skevju1mJMrEIZqWk_!!6000000004933-55-tps-21-21.svg","https://s.alicdn.com/@img/imgextra/i1/O1CN01skevju1mJMrEIZqWk_!!6000000004933-55-tps-21-21.svg",""
"1773523835-3","https://www.alibaba.com/search/page?spm=a2700.prosearch.the-new-header_fy23_pc_search_bar.associationItem_pos_4&SearchScene=proSearch&SearchText=chocolates+for+sexual+enhancement&pro=true&from=pcHomeContent","Usa Hot Selling Royal Honey Dragon Choco Powder for Men Chocolate for Male Power Men's Energy Mixed Container","Shaanxi Huiting Times Health Technology Co., Ltd.","1 yr","Min. order: 100 boxes","9% reorder rate","$5.64-9.90","for","Chocolate","≤3h response time","for","","","","4.6","4.6/5.0","(10)","","CN","Chat now","","","","","","","","https://s.alicdn.com/@sc04/kf/H37054159ee5e4de1b3f15786f7016bbdy.png_300x300.png","","","","https://s.alicdn.com/@img/imgextra/i1/O1CN01H0fqnK1Gpp8Bpra4W_!!6000000000672-55-tps-20-21.svg","","","","https://s.alicdn.com/@u/mobile/g/common/flags/1.0.0/assets/cn.png","","https://s.alicdn.com/@img/imgextra/i3/O1CN01Bv2erf1UtOvnQdp1D_!!6000000002575-55-tps-12-10.svg","","","","https://s.alicdn.com/@img/imgextra/i1/O1CN01skevju1mJMrEIZqWk_!!6000000004933-55-tps-21-21.svg","https://s.alicdn.com/@img/imgextra/i1/O1CN01skevju1mJMrEIZqWk_!!6000000004933-55-tps-21-21.svg",""
"1773523835-4","https://www.alibaba.com/search/page?spm=a2700.prosearch.the-new-header_fy23_pc_search_bar.associationItem_pos_4&SearchScene=proSearch&SearchText=chocolates+for+sexual+enhancement&pro=true&from=pcHomeContent","WXW Stock Male Enhancement Dominator Energy Gummies Male&female Enhancement Gummy Male Enhancement Rhodiola Panax Ginseng Gummy","US Institute of Natural Supplements and Pharmaceutical Inc","1 yr","Min. order: 3 pieces","≤4h response time","$1.72-2.16","Enhancement","Enhancement","","Enhancement","","","","","","","","US","Chat now","","","","","","","","https://s.alicdn.com/@sc04/kf/Hc5176c1bec364204afb6116b3a6cd547O.jpg_300x300.jpg","","","https://s.alicdn.com/@img/imgextra/i3/O1CN01Bv2erf1UtOvnQdp1D_!!6000000002575-55-tps-12-10.svg","https://s.alicdn.com/@img/imgextra/i1/O1CN01H0fqnK1Gpp8Bpra4W_!!6000000000672-55-tps-20-21.svg","","","","https://s.alicdn.com/@u/mobile/g/common/flags/1.0.0/assets/us.png","","https://s.alicdn.com/@img/imgextra/i3/O1CN01Bv2erf1UtOvnQdp1D_!!6000000002575-55-tps-12-10.svg","https://s.alicdn.com/@img/imgextra/i3/O1CN01Bv2erf1UtOvnQdp1D_!!6000000002575-55-tps-12-10.svg","https://s.alicdn.com/@img/imgextra/i3/O1CN01Bv2erf1UtOvnQdp1D_!!6000000002575-55-tps-12-10.svg","https://s.alicdn.com/@img/imgextra/i3/O1CN01Bv2erf1UtOvnQdp1D_!!6000000002575-55-tps-12-10.svg","https://s.alicdn.com/@img/imgextra/i1/O1CN01skevju1mJMrEIZqWk_!!6000000004933-55-tps-21-21.svg","https://s.alicdn.com/@img/imgextra/i1/O1CN01skevju1mJMrEIZqWk_!!6000000004933-55-tps-21-21.svg",""
"1773523835-5","https://www.alibaba.com/search/page?spm=a2700.prosearch.the-new-header_fy23_pc_search_bar.associationItem_pos_4&SearchScene=proSearch&SearchText=chocolates+for+sexual+enhancement&pro=true&from=pcHomeContent","Men's Extract Gummies Dietary Nutrition Supplements MASSIVEGIRTH Gummies Enlargement and Enhancement Lasting Longer and Stronger","Shaanxi Ruixiang Yaokang Import and Export Co., Ltd.","1 yr","Min. order: 10 boxes","≤1h response time","$2.29-2.71","Enhancement","","","","","","","5.0","5.0/5.0","(1)","","CN","Chat now","","","","","","","","https://s.alicdn.com/@sc04/kf/H8ff3c8a8900a484089bc6557d4843d44g.png_300x300.png","","","","https://s.alicdn.com/@img/imgextra/i1/O1CN01H0fqnK1Gpp8Bpra4W_!!6000000000672-55-tps-20-21.svg","","","","https://s.alicdn.com/@u/mobile/g/common/flags/1.0.0/assets/cn.png","","https://s.alicdn.com/@img/imgextra/i2/O1CN01lUQbI41ymTPgE2qXM_!!6000000006621-55-tps-12-10.svg","","","","https://s.alicdn.com/@img/imgextra/i1/O1CN01skevju1mJMrEIZqWk_!!6000000004933-55-tps-21-21.svg","https://s.alicdn.com/@img/imgextra/i1/O1CN01skevju1mJMrEIZqWk_!!6000000004933-55-tps-21-21.svg",""
"1773523835-6","https://www.alibaba.com/search/page?spm=a2700.prosearch.the-new-header_fy23_pc_search_bar.associationItem_pos_4&SearchScene=proSearch&SearchText=chocolates+for+sexual+enhancement&pro=true&from=pcHomeContent","Custom Men's Libido Enhancement Gummies - OEM/ODM, Natural Extracts","Guangzhou Famous Wonderful Biological Co., Ltd.","1 yr","Min. order: 5000 pieces","≤8h response time","$0.66-0.88","Enhancement","","","","","","","4.3","4.3/5.0","(22)","","CN","Chat now","","","","","","","","https://s.alicdn.com/@sc04/kf/Ha9d412cd2b09479ba2e0defba0d96279C.jpg_300x300.jpg","","","","https://s.alicdn.com/@img/imgextra/i1/O1CN01H0fqnK1Gpp8Bpra4W_!!6000000000672-55-tps-20-21.svg","","","","https://s.alicdn.com/@u/mobile/g/common/flags/1.0.0/assets/cn.png","","https://s.alicdn.com/@img/imgextra/i2/O1CN01lUQbI41ymTPgE2qXM_!!6000000006621-55-tps-12-10.svg","","","","https://s.alicdn.com/@img/imgextra/i1/O1CN01skevju1mJMrEIZqWk_!!6000000004933-55-tps-21-21.svg","https://s.alicdn.com/@img/imgextra/i1/O1CN01skevju1mJMrEIZqWk_!!6000000004933-55-tps-21-21.svg",""
"1773523835-7","https://www.alibaba.com/search/page?spm=a2700.prosearch.the-new-header_fy23_pc_search_bar.associationItem_pos_4&SearchScene=proSearch&SearchText=chocolates+for+sexual+enhancement&pro=true&from=pcHomeContent","Hot Selling Men's Delay Cream & Spray Long Time Sex Enhancement Product","Guangxi Mingrun Trading Co., Ltd.","1 yr","Min. order: 2 pieces","33% reorder rate","$4.83-4.85","Enhancement","","≤1h response time","","","","","","","","","CN","Chat now","","","","","Easy Return","Ad","","https://s.alicdn.com/@sc04/kf/Hcf816cb02bcc477ea7a89e01d7017618f.jpg_300x300.jpg","","https://s.alicdn.com/@img/imgextra/i4/O1CN01QUhXLX1lDaB0DYt9b_!!6000000004785-2-tps-34-34.png","","https://s.alicdn.com/@img/imgextra/i1/O1CN01H0fqnK1Gpp8Bpra4W_!!6000000000672-55-tps-20-21.svg","","","","https://s.alicdn.com/@u/mobile/g/common/flags/1.0.0/assets/cn.png","","https://s.alicdn.com/@img/imgextra/i2/O1CN01lUQbI41ymTPgE2qXM_!!6000000006621-55-tps-12-10.svg","","","","https://s.alicdn.com/@img/imgextra/i1/O1CN01skevju1mJMrEIZqWk_!!6000000004933-55-tps-21-21.svg","https://s.alicdn.com/@img/imgextra/i1/O1CN01skevju1mJMrEIZqWk_!!6000000004933-55-tps-21-21.svg",""
"1773523835-8","https://www.alibaba.com/search/page?spm=a2700.prosearch.the-new-header_fy23_pc_search_bar.associationItem_pos_4&SearchScene=proSearch&SearchText=chocolates+for+sexual+enhancement&pro=true&from=pcHomeContent","Women's Libido Booster Tea Sexual Desire Health Natural Organic Herbs for Enhanced Intimacy and Desire","Guangzhou Zengcheng District Menghuasi Tea Trade Co., Ltd.","2 yrs","Min. order: 20 pieces","700+ store reviews","$1.99-2.30","Sexual","for","12% reorder rate","Enhanced","≤3h response time","","","4.8","4.8/5.0","(81)","Easy Return","CN","Chat now","","","","","","","Easy Return","https://s.alicdn.com/@sc04/kf/Ha1c26e58be0e4b3b9f95ca6d4c17a861W.png_300x300.png","https://s.alicdn.com/@img/imgextra/i4/O1CN01QUhXLX1lDaB0DYt9b_!!6000000004785-2-tps-34-34.png","","","https://s.alicdn.com/@img/imgextra/i1/O1CN01H0fqnK1Gpp8Bpra4W_!!6000000000672-55-tps-20-21.svg","https://s.alicdn.com/@img/imgextra/i4/O1CN01ZQqlCv1icMsN1gizu_!!6000000004433-2-tps-172-64.png?webp=close&avif=close","","","https://s.alicdn.com/@u/mobile/g/common/flags/1.0.0/assets/cn.png","https://s.alicdn.com/@sc01/kf/H62868c75e7eb4fbba8f8eb600d749c2aR.png","https://s.alicdn.com/@img/imgextra/i3/O1CN01Bv2erf1UtOvnQdp1D_!!6000000002575-55-tps-12-10.svg","","","","https://s.alicdn.com/@img/imgextra/i1/O1CN01skevju1mJMrEIZqWk_!!6000000004933-55-tps-21-21.svg","https://s.alicdn.com/@img/imgextra/i1/O1CN01skevju1mJMrEIZqWk_!!6000000004933-55-tps-21-21.svg","https://s.alicdn.com/@img/imgextra/i4/O1CN01QUhXLX1lDaB0DYt9b_!!6000000004785-2-tps-34-34.png"
"1773523835-9","https://www.alibaba.com/search/page?spm=a2700.prosearch.the-new-header_fy23_pc_search_bar.associationItem_pos_4&SearchScene=proSearch&SearchText=chocolates+for+sexual+enhancement&pro=true&from=pcHomeContent","OEM Male Boost Stamina Supplement Horny Goat Weed Gummies Boost Energy Male Enhancement Gummies","Xi'an Tianlangyuan Biotech Co., Ltd.","2 yrs","Min. order: 100 boxes","25% reorder rate","$2.90-4.20","Enhancement","","100+ views from North America","","≤2h response time","","","4.7","4.7/5.0","(23)","","CN","Chat now","","","","certified","","","","https://s.alicdn.com/@sc04/kf/H50afa808512a4128a67cc07e8819c56es.jpg_300x300.jpg","","","","https://s.alicdn.com/@img/imgextra/i1/O1CN01H0fqnK1Gpp8Bpra4W_!!6000000000672-55-tps-20-21.svg","https://s.alicdn.com/@img/imgextra/i4/O1CN01ZQqlCv1icMsN1gizu_!!6000000004433-2-tps-172-64.png?webp=close&avif=close","https://s.alicdn.com/@sc04/kf/Haef259c4e6174b0e820f05108e54bfca7.png_100x100.png?webp=close&avif=close","","https://s.alicdn.com/@u/mobile/g/common/flags/1.0.0/assets/cn.png","https://s.alicdn.com/@sc01/kf/H62868c75e7eb4fbba8f8eb600d749c2aR.png","https://s.alicdn.com/@img/imgextra/i3/O1CN01Bv2erf1UtOvnQdp1D_!!6000000002575-55-tps-12-10.svg","https://s.alicdn.com/@img/imgextra/i3/O1CN01Bv2erf1UtOvnQdp1D_!!6000000002575-55-tps-12-10.svg","https://s.alicdn.com/@img/imgextra/i3/O1CN01Bv2erf1UtOvnQdp1D_!!6000000002575-55-tps-12-10.svg","","https://s.alicdn.com/@img/imgextra/i1/O1CN01skevju1mJMrEIZqWk_!!6000000004933-55-tps-21-21.svg","https://s.alicdn.com/@img/imgextra/i1/O1CN01skevju1mJMrEIZqWk_!!6000000004933-55-tps-21-21.svg",""
"1773523835-10","https://www.alibaba.com/search/page?spm=a2700.prosearch.the-new-header_fy23_pc_search_bar.associationItem_pos_4&SearchScene=proSearch&SearchText=chocolates+for+sexual+enhancement&pro=true&from=pcHomeContent","Women Sex Enhancement Liquid for Women Orgasm Vagina Tightening Increase Female Libido Sexual Stimulant","Shanxi Nanxuelei Biological Technology Co., Ltd.","6 yrs","Min. order: 10 pieces","2700+ store reviews","$0.81-1.99","Enhancement","for","12% reorder rate","Sexual","≤10h response time","","","4.3","4.3/5.0","(1081)","Easy Return","CN","Chat now","Add to cart","","","","","","Easy Return","https://s.alicdn.com/@sc04/kf/Hce6fe1a67f454d7a95f64d39114b3396C.jpg_300x300.jpg","https://s.alicdn.com/@img/imgextra/i4/O1CN01QUhXLX1lDaB0DYt9b_!!6000000004785-2-tps-34-34.png","","","https://s.alicdn.com/@img/imgextra/i1/O1CN01H0fqnK1Gpp8Bpra4W_!!6000000000672-55-tps-20-21.svg","","","","https://s.alicdn.com/@u/mobile/g/common/flags/1.0.0/assets/cn.png","https://s.alicdn.com/@sc01/kf/H62868c75e7eb4fbba8f8eb600d749c2aR.png","https://s.alicdn.com/@img/imgextra/i3/O1CN01Bv2erf1UtOvnQdp1D_!!6000000002575-55-tps-12-10.svg","https://s.alicdn.com/@img/imgextra/i3/O1CN01Bv2erf1UtOvnQdp1D_!!6000000002575-55-tps-12-10.svg","","","https://s.alicdn.com/@img/imgextra/i1/O1CN01skevju1mJMrEIZqWk_!!6000000004933-55-tps-21-21.svg","https://s.alicdn.com/@img/imgextra/i1/O1CN01skevju1mJMrEIZqWk_!!6000000004933-55-tps-21-21.svg","https://s.alicdn.com/@img/imgextra/i4/O1CN01QUhXLX1lDaB0DYt9b_!!6000000004785-2-tps-34-34.png"
"1773523835-11","https://www.alibaba.com/search/page?spm=a2700.prosearch.the-new-header_fy23_pc_search_bar.associationItem_pos_4&SearchScene=proSearch&SearchText=chocolates+for+sexual+enhancement&pro=true&from=pcHomeContent","Biochealth OEM Male Power Enhancement Maca Gummies Adult Libido Enhancer Gummy Candy Herbal Supplement Male Enlargement Pills","Biocaro Pharmaceutical Co., Ltd.","17 yrs","Min. order: 100 units","300+ store reviews","$1.80-2.60","Enhancement","","44% reorder rate","","2100+ views from North America","1,600 sold","≤5h response time","4.4","4.4/5.0","(31)","","CN","Chat now","","","","certified","","","","https://s.alicdn.com/@sc04/kf/H6f0d3f89d5fe42ea977afe0a5ad2fbdfT.jpg_300x300.jpg","","","https://s.alicdn.com/@img/imgextra/i3/O1CN01Bv2erf1UtOvnQdp1D_!!6000000002575-55-tps-12-10.svg","https://s.alicdn.com/@img/imgextra/i1/O1CN01H0fqnK1Gpp8Bpra4W_!!6000000000672-55-tps-20-21.svg","https://s.alicdn.com/@img/imgextra/i4/O1CN01ZQqlCv1icMsN1gizu_!!6000000004433-2-tps-172-64.png?webp=close&avif=close","https://s.alicdn.com/@sc04/kf/Haef259c4e6174b0e820f05108e54bfca7.png_100x100.png?webp=close&avif=close","","https://s.alicdn.com/@u/mobile/g/common/flags/1.0.0/assets/cn.png","https://s.alicdn.com/@sc01/kf/H62868c75e7eb4fbba8f8eb600d749c2aR.png","https://s.alicdn.com/@img/imgextra/i3/O1CN01Bv2erf1UtOvnQdp1D_!!6000000002575-55-tps-12-10.svg","https://s.alicdn.com/@img/imgextra/i3/O1CN01Bv2erf1UtOvnQdp1D_!!6000000002575-55-tps-12-10.svg","https://s.alicdn.com/@img/imgextra/i3/O1CN01Bv2erf1UtOvnQdp1D_!!6000000002575-55-tps-12-10.svg","https://s.alicdn.com/@img/imgextra/i3/O1CN01Bv2erf1UtOvnQdp1D_!!6000000002575-55-tps-12-10.svg","https://s.alicdn.com/@img/imgextra/i1/O1CN01skevju1mJMrEIZqWk_!!6000000004933-55-tps-21-21.svg","https://s.alicdn.com/@img/imgextra/i1/O1CN01skevju1mJMrEIZqWk_!!6000000004933-55-tps-21-21.svg",""
"1773523835-12","https://www.alibaba.com/search/page?spm=a2700.prosearch.the-new-header_fy23_pc_search_bar.associationItem_pos_4&SearchScene=proSearch&SearchText=chocolates+for+sexual+enhancement&pro=true&from=pcHomeContent","Private Label Maca Capsules for Men Supplement Booster Power Energy Support Natural Maca Extract Capsules","Zhengzhou Friend Biological Engineering Co., Ltd.","3 yrs","Min. order: 100 boxes","50+ store reviews","$0.35-2.45","for","","16% reorder rate","","100+ views from North America","","≤3h response time","4.8","4.8/5.0","(38)","","CN","Chat now","","","5% off $2,000","certified","","Ad","","https://s.alicdn.com/@sc04/kf/A1ecf71d761da40eca6b9d7dee504de24E.jpg_300x300.jpg","","","","https://s.alicdn.com/@img/imgextra/i1/O1CN01H0fqnK1Gpp8Bpra4W_!!6000000000672-55-tps-20-21.svg","https://s.alicdn.com/@img/imgextra/i4/O1CN01ZQqlCv1icMsN1gizu_!!6000000004433-2-tps-172-64.png?webp=close&avif=close","https://s.alicdn.com/@sc04/kf/Haef259c4e6174b0e820f05108e54bfca7.png_100x100.png?webp=close&avif=close","https://s.alicdn.com/@img/imgextra/i3/O1CN01mhQx6j25bfQson9wW_!!6000000007545-2-tps-56-56.png","https://s.alicdn.com/@u/mobile/g/common/flags/1.0.0/assets/cn.png","https://s.alicdn.com/@sc01/kf/H62868c75e7eb4fbba8f8eb600d749c2aR.png","https://s.alicdn.com/@img/imgextra/i3/O1CN01Bv2erf1UtOvnQdp1D_!!6000000002575-55-tps-12-10.svg","https://s.alicdn.com/@img/imgextra/i3/O1CN01Bv2erf1UtOvnQdp1D_!!6000000002575-55-tps-12-10.svg","","","https://s.alicdn.com/@img/imgextra/i1/O1CN01skevju1mJMrEIZqWk_!!6000000004933-55-tps-21-21.svg","https://s.alicdn.com/@img/imgextra/i1/O1CN01skevju1mJMrEIZqWk_!!6000000004933-55-tps-21-21.svg",""
"1773523835-13","https://www.alibaba.com/search/page?spm=a2700.prosearch.the-new-header_fy23_pc_search_bar.associationItem_pos_4&SearchScene=proSearch&SearchText=chocolates+for+sexual+enhancement&pro=true&from=pcHomeContent","Private Label Saw Palmetto Natural Female Libido Booster Herb Gummies Gummy Candy Dosage for Men and Women","Yueqing Senka Commerce Co., Ltd.","1 yr","Min. order: 10 pieces","9% reorder rate","$2.50-3.50","for","","≤2h response time","","","","","4.6","4.6/5.0","(10)","","CN","Chat now","","","","","","","","https://s.alicdn.com/@sc04/kf/Hf2c6825176e247feb50de2436b1560cbd.jpg_300x300.jpg","","","","https://s.alicdn.com/@img/imgextra/i1/O1CN01H0fqnK1Gpp8Bpra4W_!!6000000000672-55-tps-20-21.svg","","","","https://s.alicdn.com/@u/mobile/g/common/flags/1.0.0/assets/cn.png","","https://s.alicdn.com/@img/imgextra/i3/O1CN01Bv2erf1UtOvnQdp1D_!!6000000002575-55-tps-12-10.svg","","","","https://s.alicdn.com/@img/imgextra/i1/O1CN01skevju1mJMrEIZqWk_!!6000000004933-55-tps-21-21.svg","https://s.alicdn.com/@img/imgextra/i1/O1CN01skevju1mJMrEIZqWk_!!6000000004933-55-tps-21-21.svg",""
"1773523835-14","https://www.alibaba.com/search/page?spm=a2700.prosearch.the-new-header_fy23_pc_search_bar.associationItem_pos_4&SearchScene=proSearch&SearchText=chocolates+for+sexual+enhancement&pro=true&from=pcHomeContent","OEM Vitamin Energy Drink Male Natural Libido Enhancer Adult Nutritional Honey Bar","PK UPTECH TECHNOLOGY COMPANY LIMITED","2 yrs","Min. order: 100 bags","≤4h response time","$3-6","Enhancer","","","","","","","","","","","TH","Chat now","","","","","","","","https://s.alicdn.com/@sc04/kf/H3aac5ae1f0554c81b8f450057900c699n.jpg_300x300.jpg","","","","https://s.alicdn.com/@img/imgextra/i1/O1CN01H0fqnK1Gpp8Bpra4W_!!6000000000672-55-tps-20-21.svg","","","","https://s.alicdn.com/@u/mobile/g/common/flags/1.0.0/assets/th.png","","https://s.alicdn.com/@img/imgextra/i3/O1CN01Bv2erf1UtOvnQdp1D_!!6000000002575-55-tps-12-10.svg","https://s.alicdn.com/@img/imgextra/i3/O1CN01Bv2erf1UtOvnQdp1D_!!6000000002575-55-tps-12-10.svg","https://s.alicdn.com/@img/imgextra/i3/O1CN01Bv2erf1UtOvnQdp1D_!!6000000002575-55-tps-12-10.svg","","https://s.alicdn.com/@img/imgextra/i1/O1CN01skevju1mJMrEIZqWk_!!6000000004933-55-tps-21-21.svg","https://s.alicdn.com/@img/imgextra/i1/O1CN01skevju1mJMrEIZqWk_!!6000000004933-55-tps-21-21.svg",""
"1773523835-15","https://www.alibaba.com/search/page?spm=a2700.prosearch.the-new-header_fy23_pc_search_bar.associationItem_pos_4&SearchScene=proSearch&SearchText=chocolates+for+sexual+enhancement&pro=true&from=pcHomeContent","Male Power Enhancement Maca Gummies Adult Libido Enhancer Gummy Candy Herbal Vitamin Supplement Male Enlargement","Jianweite (Zhengzhou) Pharmaceutical Technology Co., Ltd.","1 yr","Min. order: 100 units","≤4h response time","$1.80-2.50","Enhancement","","","","","","","4.5","4.5/5.0","(3)","","CN","Chat now","","","","","","","","https://s.alicdn.com/@sc04/kf/H6f3caa5b0a864642b62bef6db33c2ca5k.jpg_300x300.jpg","","","","https://s.alicdn.com/@img/imgextra/i1/O1CN01H0fqnK1Gpp8Bpra4W_!!6000000000672-55-tps-20-21.svg","","","","https://s.alicdn.com/@u/mobile/g/common/flags/1.0.0/assets/cn.png","","https://s.alicdn.com/@img/imgextra/i2/O1CN01lUQbI41ymTPgE2qXM_!!6000000006621-55-tps-12-10.svg","","","","https://s.alicdn.com/@img/imgextra/i1/O1CN01skevju1mJMrEIZqWk_!!6000000004933-55-tps-21-21.svg","https://s.alicdn.com/@img/imgextra/i1/O1CN01skevju1mJMrEIZqWk_!!6000000004933-55-tps-21-21.svg",""
"1773523835-16","https://www.alibaba.com/search/page?spm=a2700.prosearch.the-new-header_fy23_pc_search_bar.associationItem_pos_4&SearchScene=proSearch&SearchText=chocolates+for+sexual+enhancement&pro=true&from=pcHomeContent","Japanese Health Supplement for Night Life Love Liquid Desire Enhancement and Sensitivity Improvement 20ml Unisex Sex Products","Atreation Co., Ltd.","9 yrs","Min. order: 10 pieces","100+ views from North America","$15-25","for","Enhancement","≤6h response time","","","","","","","","","JP","Chat now","","","","","","","","https://s.alicdn.com/@sc04/kf/U3873bbfe60084be6bcd08f0c14052562v.jpg_300x300.jpg","","","","https://s.alicdn.com/@img/imgextra/i1/O1CN01H0fqnK1Gpp8Bpra4W_!!6000000000672-55-tps-20-21.svg","","","","https://s.alicdn.com/@u/mobile/g/common/flags/1.0.0/assets/jp.png","","https://s.alicdn.com/@img/imgextra/i3/O1CN01Bv2erf1UtOvnQdp1D_!!6000000002575-55-tps-12-10.svg","https://s.alicdn.com/@img/imgextra/i3/O1CN01Bv2erf1UtOvnQdp1D_!!6000000002575-55-tps-12-10.svg","https://s.alicdn.com/@img/imgextra/i3/O1CN01Bv2erf1UtOvnQdp1D_!!6000000002575-55-tps-12-10.svg","","","",""
"1773523835-17","https://www.alibaba.com/search/page?spm=a2700.prosearch.the-new-header_fy23_pc_search_bar.associationItem_pos_4&SearchScene=proSearch&SearchText=chocolates+for+sexual+enhancement&pro=true&from=pcHomeContent","Increase Female Pleasure Vagina Sweetener Aphrodisiac Yoni Sweet Lump Candy 100% Natural Sexy Crystal Yoni Candy","Xi'an Kangbaoyuan Biotechnology Co., Ltd.","5 yrs","Min. order: 30 bags","300+ store reviews","$0.50-1","","","31% reorder rate","","≤3h response time","","","4.7","4.7/5.0","(25)","","CN","Chat now","","","","","Easy Return","","","https://s.alicdn.com/@sc04/kf/Hd307c3b7c0704b359050b5cb33eb1c89e.png_300x300.png","","https://s.alicdn.com/@img/imgextra/i4/O1CN01QUhXLX1lDaB0DYt9b_!!6000000004785-2-tps-34-34.png","","https://s.alicdn.com/@img/imgextra/i1/O1CN01H0fqnK1Gpp8Bpra4W_!!6000000000672-55-tps-20-21.svg","","","","https://s.alicdn.com/@u/mobile/g/common/flags/1.0.0/assets/cn.png","","https://s.alicdn.com/@img/imgextra/i3/O1CN01Bv2erf1UtOvnQdp1D_!!6000000002575-55-tps-12-10.svg","","","","https://s.alicdn.com/@img/imgextra/i1/O1CN01skevju1mJMrEIZqWk_!!6000000004933-55-tps-21-21.svg","https://s.alicdn.com/@img/imgextra/i1/O1CN01skevju1mJMrEIZqWk_!!6000000004933-55-tps-21-21.svg",""
"1773523835-18","https://www.alibaba.com/search/page?spm=a2700.prosearch.the-new-header_fy23_pc_search_bar.associationItem_pos_4&SearchScene=proSearch&SearchText=chocolates+for+sexual+enhancement&pro=true&from=pcHomeContent","OEM/ODM Horny Goat Weed Strawberry Gummies for Adults Energy Stamina Libido Support Natural Herbal Male Enhancement Supplement","Anhui Jiahong Health Industry Co., Ltd.","2 yrs","Min. order: 3000 barrels","14% reorder rate","$3.19-3.49","for","Enhancement","≤4h response time","","","","","4.2","4.2/5.0","(4)","","CN","Chat now","","","","","","","","https://s.alicdn.com/@sc04/kf/Hfc45a78210fe40e39df26c7c780c25118.jpg_300x300.jpg","","","","https://s.alicdn.com/@img/imgextra/i1/O1CN01H0fqnK1Gpp8Bpra4W_!!6000000000672-55-tps-20-21.svg","","","","https://s.alicdn.com/@u/mobile/g/common/flags/1.0.0/assets/cn.png","https://s.alicdn.com/@sc01/kf/H62868c75e7eb4fbba8f8eb600d749c2aR.png","https://s.alicdn.com/@img/imgextra/i2/O1CN01lUQbI41ymTPgE2qXM_!!6000000006621-55-tps-12-10.svg","","","","https://s.alicdn.com/@img/imgextra/i1/O1CN01skevju1mJMrEIZqWk_!!6000000004933-55-tps-21-21.svg","https://s.alicdn.com/@img/imgextra/i1/O1CN01skevju1mJMrEIZqWk_!!6000000004933-55-tps-21-21.svg",""
"1773523835-19","https://www.alibaba.com/search/page?spm=a2700.prosearch.the-new-header_fy23_pc_search_bar.associationItem_pos_4&SearchScene=proSearch&SearchText=chocolates+for+sexual+enhancement&pro=true&from=pcHomeContent","Adult Natural Maca Gummy Candies Male Sexual Wellness and Energy Boost Gummies for Desire Arousal and Pleasure","Lampana Group Co., Ltd.","2 yrs","Min. order: 100 grains","≤5h response time","$2-5","Sexual","for","","","","","","","","","","TH","Chat now","","","","","","","","https://s.alicdn.com/@sc04/kf/H92543a9422384948ba76f3d3356526edn.png_300x300.png","","","","https://s.alicdn.com/@img/imgextra/i1/O1CN01H0fqnK1Gpp8Bpra4W_!!6000000000672-55-tps-20-21.svg","https://s.alicdn.com/@img/imgextra/i4/O1CN01ZQqlCv1icMsN1gizu_!!6000000004433-2-tps-172-64.png?webp=close&avif=close","","","https://s.alicdn.com/@u/mobile/g/common/flags/1.0.0/assets/th.png","","https://s.alicdn.com/@img/imgextra/i3/O1CN01Bv2erf1UtOvnQdp1D_!!6000000002575-55-tps-12-10.svg","https://s.alicdn.com/@img/imgextra/i3/O1CN01Bv2erf1UtOvnQdp1D_!!6000000002575-55-tps-12-10.svg","https://s.alicdn.com/@img/imgextra/i3/O1CN01Bv2erf1UtOvnQdp1D_!!6000000002575-55-tps-12-10.svg","https://s.alicdn.com/@img/imgextra/i3/O1CN01Bv2erf1UtOvnQdp1D_!!6000000002575-55-tps-12-10.svg","https://s.alicdn.com/@img/imgextra/i1/O1CN01skevju1mJMrEIZqWk_!!6000000004933-55-tps-21-21.svg","https://s.alicdn.com/@img/imgextra/i1/O1CN01skevju1mJMrEIZqWk_!!6000000004933-55-tps-21-21.svg",""
"1773523835-20","https://www.alibaba.com/search/page?spm=a2700.prosearch.the-new-header_fy23_pc_search_bar.associationItem_pos_4&SearchScene=proSearch&SearchText=chocolates+for+sexual+enhancement&pro=true&from=pcHomeContent","Best selling OEM Male Enhancement Gummies Men's Herbal Erection Support and Sexual Health Gummies","Lampana Group Co., Ltd.","1 yr","Min. order: 100 grains","≤3h response time","$0.50-2","Enhancement","Sexual","","","","","","","","","","TH","Chat now","","","","","","","","https://s.alicdn.com/@sc04/kf/H0ad0920e041a4291abf1f989c7f57645q.png_300x300.png","","","https://s.alicdn.com/@img/imgextra/i3/O1CN01Bv2erf1UtOvnQdp1D_!!6000000002575-55-tps-12-10.svg","https://s.alicdn.com/@img/imgextra/i1/O1CN01H0fqnK1Gpp8Bpra4W_!!6000000000672-55-tps-20-21.svg","","","","https://s.alicdn.com/@u/mobile/g/common/flags/1.0.0/assets/th.png","","https://s.alicdn.com/@img/imgextra/i3/O1CN01Bv2erf1UtOvnQdp1D_!!6000000002575-55-tps-12-10.svg","https://s.alicdn.com/@img/imgextra/i3/O1CN01Bv2erf1UtOvnQdp1D_!!6000000002575-55-tps-12-10.svg","https://s.alicdn.com/@img/imgextra/i3/O1CN01Bv2erf1UtOvnQdp1D_!!6000000002575-55-tps-12-10.svg","https://s.alicdn.com/@img/imgextra/i3/O1CN01Bv2erf1UtOvnQdp1D_!!6000000002575-55-tps-12-10.svg","https://s.alicdn.com/@img/imgextra/i1/O1CN01skevju1mJMrEIZqWk_!!6000000004933-55-tps-21-21.svg","https://s.alicdn.com/@img/imgextra/i1/O1CN01skevju1mJMrEIZqWk_!!6000000004933-55-tps-21-21.svg",""
"1773523835-21","https://www.alibaba.com/search/page?spm=a2700.prosearch.the-new-header_fy23_pc_search_bar.associationItem_pos_4&SearchScene=proSearch&SearchText=chocolates+for+sexual+enhancement&pro=true&from=pcHomeContent","OEM Ashwagandha Male Enhancement Gummies Power Energy Boost Herbal Supplements","Chongqing Youyikang Technology Co., Ltd.","1 yr","Min. order: 500 boxes","9% reorder rate","$3.70","Enhancement","","≤2h response time","","","","","4.9","4.9/5.0","(17)","","CN","Chat now","","","5% off $2,000","certified","","","","https://s.alicdn.com/@sc04/kf/H7933010fe5ac4eec8a83995ed5f76d55A.jpg_300x300.jpg","","","","https://s.alicdn.com/@img/imgextra/i1/O1CN01H0fqnK1Gpp8Bpra4W_!!6000000000672-55-tps-20-21.svg","https://s.alicdn.com/@img/imgextra/i4/O1CN01ZQqlCv1icMsN1gizu_!!6000000004433-2-tps-172-64.png?webp=close&avif=close","https://s.alicdn.com/@sc04/kf/Haef259c4e6174b0e820f05108e54bfca7.png_100x100.png?webp=close&avif=close","https://s.alicdn.com/@img/imgextra/i3/O1CN01mhQx6j25bfQson9wW_!!6000000007545-2-tps-56-56.png","https://s.alicdn.com/@u/mobile/g/common/flags/1.0.0/assets/cn.png","https://s.alicdn.com/@sc01/kf/H62868c75e7eb4fbba8f8eb600d749c2aR.png","https://s.alicdn.com/@img/imgextra/i3/O1CN01Bv2erf1UtOvnQdp1D_!!6000000002575-55-tps-12-10.svg","","","","https://s.alicdn.com/@img/imgextra/i1/O1CN01skevju1mJMrEIZqWk_!!6000000004933-55-tps-21-21.svg","https://s.alicdn.com/@img/imgextra/i1/O1CN01skevju1mJMrEIZqWk_!!6000000004933-55-tps-21-21.svg",""
"1773523835-22","https://www.alibaba.com/search/page?spm=a2700.prosearch.the-new-header_fy23_pc_search_bar.associationItem_pos_4&SearchScene=proSearch&SearchText=chocolates+for+sexual+enhancement&pro=true&from=pcHomeContent","Horny Goat Weed Men Power Maca Tribulus Terrestris Gummies Male Enhancement Energy Stamina Vitality Support","Mandu Pharmaceutical (zhengzhou) Co., Ltd.","1 yr","Min. order: 50 pieces","50+ store reviews","$1.80-2.80","Enhancement","","20% reorder rate","","≤4h response time","","","4.6","4.6/5.0","(40)","","CN","Chat now","","","","certified","","","","https://s.alicdn.com/@sc04/kf/Hb8aee99527a84c2c9eb557f15b5131ffg.jpg_300x300.jpg","","","","https://s.alicdn.com/@img/imgextra/i1/O1CN01H0fqnK1Gpp8Bpra4W_!!6000000000672-55-tps-20-21.svg","https://s.alicdn.com/@sc04/kf/Haef259c4e6174b0e820f05108e54bfca7.png_100x100.png?webp=close&avif=close","","","https://s.alicdn.com/@u/mobile/g/common/flags/1.0.0/assets/cn.png","https://s.alicdn.com/@sc01/kf/H62868c75e7eb4fbba8f8eb600d749c2aR.png","https://s.alicdn.com/@img/imgextra/i3/O1CN01Bv2erf1UtOvnQdp1D_!!6000000002575-55-tps-12-10.svg","","","","https://s.alicdn.com/@img/imgextra/i1/O1CN01skevju1mJMrEIZqWk_!!6000000004933-55-tps-21-21.svg","https://s.alicdn.com/@img/imgextra/i1/O1CN01skevju1mJMrEIZqWk_!!6000000004933-55-tps-21-21.svg",""
"1773523835-23","https://www.alibaba.com/search/page?spm=a2700.prosearch.the-new-header_fy23_pc_search_bar.associationItem_pos_4&SearchScene=proSearch&SearchText=chocolates+for+sexual+enhancement&pro=true&from=pcHomeContent","OEM Private Label Mellow-Taste Maca Extract Coffee Supplement Instant Boost Male Enhancement in Bag Packaging with Sugar Flavor","Yao Ling Health Management (guangzhou) Co., Ltd.","1 yr","Min. order: 100 pieces","11% reorder rate","$1.50-1.70","Enhancement","","≤4h response time","","","","","4.6","4.6/5.0","(14)","Easy Return","CN","Chat now","","","","","","","Easy Return","https://s.alicdn.com/@sc04/kf/Hd8e118a071a64256869244862609fa91t.jpg_300x300.jpg","https://s.alicdn.com/@img/imgextra/i4/O1CN01QUhXLX1lDaB0DYt9b_!!6000000004785-2-tps-34-34.png","","","https://s.alicdn.com/@img/imgextra/i1/O1CN01H0fqnK1Gpp8Bpra4W_!!6000000000672-55-tps-20-21.svg","https://s.alicdn.com/@img/imgextra/i4/O1CN01ZQqlCv1icMsN1gizu_!!6000000004433-2-tps-172-64.png?webp=close&avif=close","","","https://s.alicdn.com/@u/mobile/g/common/flags/1.0.0/assets/cn.png","https://s.alicdn.com/@sc01/kf/H62868c75e7eb4fbba8f8eb600d749c2aR.png","https://s.alicdn.com/@img/imgextra/i3/O1CN01Bv2erf1UtOvnQdp1D_!!6000000002575-55-tps-12-10.svg","","","","https://s.alicdn.com/@img/imgextra/i1/O1CN01skevju1mJMrEIZqWk_!!6000000004933-55-tps-21-21.svg","https://s.alicdn.com/@img/imgextra/i1/O1CN01skevju1mJMrEIZqWk_!!6000000004933-55-tps-21-21.svg","https://s.alicdn.com/@img/imgextra/i4/O1CN01QUhXLX1lDaB0DYt9b_!!6000000004785-2-tps-34-34.png"
"1773523835-24","https://www.alibaba.com/search/page?spm=a2700.prosearch.the-new-header_fy23_pc_search_bar.associationItem_pos_4&SearchScene=proSearch&SearchText=chocolates+for+sexual+enhancement&pro=true&from=pcHomeContent","Private Label Saw Palmetto Natural Female Libido Booster Herb Gummies Gummy Candy Dosage for Men and Women","Henan Zongjie Biotechnology Co., Ltd.","1 yr","Min. order: 100 pieces","28% reorder rate","$1.80-3.10","for","","≤1h response time","","","","","5.0","5.0/5.0","(12)","","CN","Chat now","","","","","","","","https://s.alicdn.com/@sc04/kf/H432a4ab932874c41b79835cc69e4f8b26.jpg_300x300.jpg","","","","https://s.alicdn.com/@img/imgextra/i1/O1CN01H0fqnK1Gpp8Bpra4W_!!6000000000672-55-tps-20-21.svg","","","","https://s.alicdn.com/@u/mobile/g/common/flags/1.0.0/assets/cn.png","","https://s.alicdn.com/@img/imgextra/i3/O1CN01Bv2erf1UtOvnQdp1D_!!6000000002575-55-tps-12-10.svg","","","","https://s.alicdn.com/@img/imgextra/i1/O1CN01skevju1mJMrEIZqWk_!!6000000004933-55-tps-21-21.svg","https://s.alicdn.com/@img/imgextra/i1/O1CN01skevju1mJMrEIZqWk_!!6000000004933-55-tps-21-21.svg",""
"1773523835-25","https://www.alibaba.com/search/page?spm=a2700.prosearch.the-new-header_fy23_pc_search_bar.associationItem_pos_4&SearchScene=proSearch&SearchText=chocolates+for+sexual+enhancement&pro=true&from=pcHomeContent","Oyster Male Adult Flower See Results in 30 Minutes Natural Herbal Erectile Booster Tablets Long Lasting Stamina Strength","Tuan International Trade (Guangxi) Co., Ltd.","1 yr","Min. order: 2 pieces","8% reorder rate","$16-40","","","≤2h response time","","","","","4.6","4.6/5.0","(11)","","CN","Chat now","","","","","","","","https://s.alicdn.com/@sc04/kf/H33a356147bee4156bed5c47e03e2054ah.png_300x300.png","","","","https://s.alicdn.com/@img/imgextra/i1/O1CN01H0fqnK1Gpp8Bpra4W_!!6000000000672-55-tps-20-21.svg","","","","https://s.alicdn.com/@u/mobile/g/common/flags/1.0.0/assets/cn.png","","https://s.alicdn.com/@img/imgextra/i2/O1CN01lUQbI41ymTPgE2qXM_!!6000000006621-55-tps-12-10.svg","","","","https://s.alicdn.com/@img/imgextra/i1/O1CN01skevju1mJMrEIZqWk_!!6000000004933-55-tps-21-21.svg","https://s.alicdn.com/@img/imgextra/i1/O1CN01skevju1mJMrEIZqWk_!!6000000004933-55-tps-21-21.svg",""
"1773523835-26","https://www.alibaba.com/search/page?spm=a2700.prosearch.the-new-header_fy23_pc_search_bar.associationItem_pos_4&SearchScene=proSearch&SearchText=chocolates+for+sexual+enhancement&pro=true&from=pcHomeContent","Premium Male Power+ Tablets Candy Style 5 Counts Maca Tongkat Ali FSSC Certified Support Performance & Energy Vitality","Fuzhou Cangshan Lanzhou E-Commerce Co., Ltd.","1 yr","Min. order: 20 pieces","≤1h response time","","","","","","","","","4.6","4.6/5.0","(2)","180-day lowest prices","CN","Chat now","Add to cart","","","","","","Easy Return","https://s.alicdn.com/@sc04/kf/Hcc71a7486dca475fa0afd40ecde6d219i.jpg_300x300.jpg","https://s.alicdn.com/@sc01/kf/He15f3630b6674cb697c45c43f49fc3752.png","","","https://s.alicdn.com/@img/imgextra/i1/O1CN01H0fqnK1Gpp8Bpra4W_!!6000000000672-55-tps-20-21.svg","https://s.alicdn.com/@img/imgextra/i4/O1CN01ZQqlCv1icMsN1gizu_!!6000000004433-2-tps-172-64.png?webp=close&avif=close","","","https://s.alicdn.com/@u/mobile/g/common/flags/1.0.0/assets/cn.png","","https://s.alicdn.com/@img/imgextra/i2/O1CN01lUQbI41ymTPgE2qXM_!!6000000006621-55-tps-12-10.svg","","","","https://s.alicdn.com/@img/imgextra/i1/O1CN01skevju1mJMrEIZqWk_!!6000000004933-55-tps-21-21.svg","https://s.alicdn.com/@img/imgextra/i1/O1CN01skevju1mJMrEIZqWk_!!6000000004933-55-tps-21-21.svg","https://s.alicdn.com/@img/imgextra/i4/O1CN01QUhXLX1lDaB0DYt9b_!!6000000004785-2-tps-34-34.png"
"1773523835-27","https://www.alibaba.com/search/page?spm=a2700.prosearch.the-new-header_fy23_pc_search_bar.associationItem_pos_4&SearchScene=proSearch&SearchText=chocolates+for+sexual+enhancement&pro=true&from=pcHomeContent","Aphrodisiac for Adults Boosts Sexual Vitality and Love for Both Men and Women Maca Gummy Candy","Guangzhou Nuoxi Biotechnology Co., Ltd.","1 yr","Min. order: 3000 boxes","200+ views from North America","$1.50-2.20","for","Sexual","≤10h response time","for","","","","","","","","CN","Chat now","","","","","","","","https://s.alicdn.com/@sc04/kf/Hd1b6c3cdde9946a09760cad54b9be2bbk.jpg_300x300.jpg","","","","https://s.alicdn.com/@img/imgextra/i1/O1CN01H0fqnK1Gpp8Bpra4W_!!6000000000672-55-tps-20-21.svg","","","","https://s.alicdn.com/@u/mobile/g/common/flags/1.0.0/assets/cn.png","https://s.alicdn.com/@sc01/kf/H62868c75e7eb4fbba8f8eb600d749c2aR.png","https://s.alicdn.com/@img/imgextra/i2/O1CN01lUQbI41ymTPgE2qXM_!!6000000006621-55-tps-12-10.svg","","","","https://s.alicdn.com/@img/imgextra/i1/O1CN01skevju1mJMrEIZqWk_!!6000000004933-55-tps-21-21.svg","https://s.alicdn.com/@img/imgextra/i1/O1CN01skevju1mJMrEIZqWk_!!6000000004933-55-tps-21-21.svg",""
"1773523835-28","https://www.alibaba.com/search/page?spm=a2700.prosearch.the-new-header_fy23_pc_search_bar.associationItem_pos_4&SearchScene=proSearch&SearchText=chocolates+for+sexual+enhancement&pro=true&from=pcHomeContent","LongtimeX Male Mint Candy Stamina Booster Male Enhancement Secual Health Libido Vitality Toys Rhino Sec Pills Improve Supplement","Guangzhou Shengmei Pharmaceutical Industry Co., Ltd","2 yrs","Min. order: 50000 boxes","7% reorder rate","$1.50-1.80","Enhancement","","200+ views from North America","","≤6h response time","","","5.0","5.0/5.0","(1)","","CN","Chat now","","","","certified","","","","https://s.alicdn.com/@sc04/kf/H3ab1137442374889995e9f01801ae9c8o.jpg_300x300.jpg","","","","https://s.alicdn.com/@img/imgextra/i1/O1CN01H0fqnK1Gpp8Bpra4W_!!6000000000672-55-tps-20-21.svg","https://s.alicdn.com/@img/imgextra/i4/O1CN01ZQqlCv1icMsN1gizu_!!6000000004433-2-tps-172-64.png?webp=close&avif=close","","","https://s.alicdn.com/@u/mobile/g/common/flags/1.0.0/assets/cn.png","https://s.alicdn.com/@sc01/kf/H62868c75e7eb4fbba8f8eb600d749c2aR.png","https://s.alicdn.com/@img/imgextra/i2/O1CN01lUQbI41ymTPgE2qXM_!!6000000006621-55-tps-12-10.svg","","","","https://s.alicdn.com/@img/imgextra/i1/O1CN01skevju1mJMrEIZqWk_!!6000000004933-55-tps-21-21.svg","https://s.alicdn.com/@img/imgextra/i1/O1CN01skevju1mJMrEIZqWk_!!6000000004933-55-tps-21-21.svg",""
"1773523835-29","https://www.alibaba.com/search/page?spm=a2700.prosearch.the-new-header_fy23_pc_search_bar.associationItem_pos_4&SearchScene=proSearch&SearchText=chocolates+for+sexual+enhancement&pro=true&from=pcHomeContent","OEM Private Label Organic 100% Pure Himalayan Shilajit Resin Gold Gummy Supplement with Fulvic & Humic Acid for Men and Women","Zhengzhou Kangmao Biotechnology Co., Ltd.","2 yrs","Min. order: 100 units","100+ store reviews","$1.39-2.31","for","","23% reorder rate","","100+ views from North America","","≤1h response time","4.5","4.5/5.0","(31)","","CN","Chat now","","","","certified","","Ad","","https://s.alicdn.com/@sc04/kf/Hb40e2bf41e4d49848fea7c5bd97f9525H.jpg_300x300.jpg","","","","https://s.alicdn.com/@img/imgextra/i1/O1CN01H0fqnK1Gpp8Bpra4W_!!6000000000672-55-tps-20-21.svg","https://s.alicdn.com/@sc04/kf/Haef259c4e6174b0e820f05108e54bfca7.png_100x100.png?webp=close&avif=close","","","https://s.alicdn.com/@u/mobile/g/common/flags/1.0.0/assets/cn.png","https://s.alicdn.com/@sc01/kf/H62868c75e7eb4fbba8f8eb600d749c2aR.png","https://s.alicdn.com/@img/imgextra/i3/O1CN01Bv2erf1UtOvnQdp1D_!!6000000002575-55-tps-12-10.svg","https://s.alicdn.com/@img/imgextra/i3/O1CN01Bv2erf1UtOvnQdp1D_!!6000000002575-55-tps-12-10.svg","https://s.alicdn.com/@img/imgextra/i3/O1CN01Bv2erf1UtOvnQdp1D_!!6000000002575-55-tps-12-10.svg","","https://s.alicdn.com/@img/imgextra/i1/O1CN01skevju1mJMrEIZqWk_!!6000000004933-55-tps-21-21.svg","https://s.alicdn.com/@img/imgextra/i1/O1CN01skevju1mJMrEIZqWk_!!6000000004933-55-tps-21-21.svg",""
"1773523835-30","https://www.alibaba.com/search/page?spm=a2700.prosearch.the-new-header_fy23_pc_search_bar.associationItem_pos_4&SearchScene=proSearch&SearchText=chocolates+for+sexual+enhancement&pro=true&from=pcHomeContent","Oyster Extract Male Enlargement Tablets Erectile Booster Herbal Energy & Stamina Support OEM Factory Supply","Xi'an Chengjun Import & Export Co., Ltd.","1 yr","Min. order: 500 boxes","12% reorder rate","$2.31-6.14","","","300+ views from North America","","≤2h response time","","","","","","","CN","Chat now","","","","","","","","https://s.alicdn.com/@sc04/kf/H8b8c79b4984242319f775ecf11570f409.jpg_300x300.jpg","","","","https://s.alicdn.com/@img/imgextra/i1/O1CN01H0fqnK1Gpp8Bpra4W_!!6000000000672-55-tps-20-21.svg","","","","https://s.alicdn.com/@u/mobile/g/common/flags/1.0.0/assets/cn.png","","https://s.alicdn.com/@img/imgextra/i2/O1CN01lUQbI41ymTPgE2qXM_!!6000000006621-55-tps-12-10.svg","","","","https://s.alicdn.com/@img/imgextra/i1/O1CN01skevju1mJMrEIZqWk_!!6000000004933-55-tps-21-21.svg","https://s.alicdn.com/@img/imgextra/i1/O1CN01skevju1mJMrEIZqWk_!!6000000004933-55-tps-21-21.svg",""
"1773523835-31","https://www.alibaba.com/search/page?spm=a2700.prosearch.the-new-header_fy23_pc_search_bar.associationItem_pos_4&SearchScene=proSearch&SearchText=chocolates+for+sexual+enhancement&pro=true&from=pcHomeContent","MACA Capsules Women Butt Booster Hips Men Strong Maca Root Capsules Herbal Supplement Power","Zhengzhou Linnuo Pharmaceutical Co., Ltd.","6 yrs","Min. order: 500 pieces","1200+ store reviews","$2.50","","","34% reorder rate","","300+ views from North America","417 sold","≤4h response time","4.6","4.6/5.0","(240)","","CN","Chat now","Add to cart","","","certified","","Ad","","https://s.alicdn.com/@sc04/kf/Sebad234c86454fe3b5004a583ad64b34f.jpg_300x300.jpg","","","","https://s.alicdn.com/@img/imgextra/i1/O1CN01H0fqnK1Gpp8Bpra4W_!!6000000000672-55-tps-20-21.svg","https://s.alicdn.com/@img/imgextra/i1/O1CN01Qlzniu1tBJAdJ8zsY_!!6000000005863-2-tps-283-45.png?webp=close&avif=close","https://s.alicdn.com/@sc04/kf/Haef259c4e6174b0e820f05108e54bfca7.png_100x100.png?webp=close&avif=close","","https://s.alicdn.com/@u/mobile/g/common/flags/1.0.0/assets/cn.png","","https://s.alicdn.com/@img/imgextra/i3/O1CN01Bv2erf1UtOvnQdp1D_!!6000000002575-55-tps-12-10.svg","https://s.alicdn.com/@img/imgextra/i3/O1CN01Bv2erf1UtOvnQdp1D_!!6000000002575-55-tps-12-10.svg","https://s.alicdn.com/@img/imgextra/i3/O1CN01Bv2erf1UtOvnQdp1D_!!6000000002575-55-tps-12-10.svg","","https://s.alicdn.com/@img/imgextra/i1/O1CN01skevju1mJMrEIZqWk_!!6000000004933-55-tps-21-21.svg","https://s.alicdn.com/@img/imgextra/i1/O1CN01skevju1mJMrEIZqWk_!!6000000004933-55-tps-21-21.svg",""
"1773523835-32","https://www.alibaba.com/search/page?spm=a2700.prosearch.the-new-header_fy23_pc_search_bar.associationItem_pos_4&SearchScene=proSearch&SearchText=chocolates+for+sexual+enhancement&pro=true&from=pcHomeContent","Vigo Pure Natural Herbal Maca White Coffee for Men Sexual Enhancer in Neutral Taste Box Packaged with Sugar Flavored Bag","Shenzhen Vigo Biotechnology Co., Ltd.","1 yr","Min. order: 500 bags","24% reorder rate","$2.90-3.30","for","Sexual","≤2h response time","Enhancer","","","","5.0","5.0/5.0","(4)","","CN","Chat now","","","5% off $2,000","","","","","https://s.alicdn.com/@sc04/kf/H293ad67d9f994b889d7045fca1e9dadbf.png_300x300.png","","","","https://s.alicdn.com/@img/imgextra/i1/O1CN01H0fqnK1Gpp8Bpra4W_!!6000000000672-55-tps-20-21.svg","https://s.alicdn.com/@img/imgextra/i4/O1CN01ZQqlCv1icMsN1gizu_!!6000000004433-2-tps-172-64.png?webp=close&avif=close","","https://s.alicdn.com/@img/imgextra/i3/O1CN01mhQx6j25bfQson9wW_!!6000000007545-2-tps-56-56.png","https://s.alicdn.com/@u/mobile/g/common/flags/1.0.0/assets/cn.png","https://s.alicdn.com/@sc01/kf/H62868c75e7eb4fbba8f8eb600d749c2aR.png","https://s.alicdn.com/@img/imgextra/i3/O1CN01Bv2erf1UtOvnQdp1D_!!6000000002575-55-tps-12-10.svg","","","","https://s.alicdn.com/@img/imgextra/i1/O1CN01skevju1mJMrEIZqWk_!!6000000004933-55-tps-21-21.svg","https://s.alicdn.com/@img/imgextra/i1/O1CN01skevju1mJMrEIZqWk_!!6000000004933-55-tps-21-21.svg",""
"1773523835-33","https://www.alibaba.com/search/page?spm=a2700.prosearch.the-new-header_fy23_pc_search_bar.associationItem_pos_4&SearchScene=proSearch&SearchText=chocolates+for+sexual+enhancement&pro=true&from=pcHomeContent","Labels Men Supplement Horny Goat Weed Capsules 100% Natural Booster Health Herbal Support Stamina","Zhengzhou Linnuo Pharmaceutical Co., Ltd.","6 yrs","Min. order: 100 units","1200+ store reviews","$3.50","","","34% reorder rate","","≤4h response time","15 sold","","4.6","4.6/5.0","(240)","","CN","Chat now","Add to cart","","","certified","","Ad","","https://s.alicdn.com/@sc04/kf/A26f1e0de65fa48ff979561429237c517E.jpg_300x300.jpg","","","","https://s.alicdn.com/@img/imgextra/i1/O1CN01H0fqnK1Gpp8Bpra4W_!!6000000000672-55-tps-20-21.svg","https://s.alicdn.com/@sc04/kf/Haef259c4e6174b0e820f05108e54bfca7.png_100x100.png?webp=close&avif=close","","","https://s.alicdn.com/@u/mobile/g/common/flags/1.0.0/assets/cn.png","","https://s.alicdn.com/@img/imgextra/i3/O1CN01Bv2erf1UtOvnQdp1D_!!6000000002575-55-tps-12-10.svg","https://s.alicdn.com/@img/imgextra/i3/O1CN01Bv2erf1UtOvnQdp1D_!!6000000002575-55-tps-12-10.svg","https://s.alicdn.com/@img/imgextra/i3/O1CN01Bv2erf1UtOvnQdp1D_!!6000000002575-55-tps-12-10.svg","","https://s.alicdn.com/@img/imgextra/i1/O1CN01skevju1mJMrEIZqWk_!!6000000004933-55-tps-21-21.svg","https://s.alicdn.com/@img/imgextra/i1/O1CN01skevju1mJMrEIZqWk_!!6000000004933-55-tps-21-21.svg",""
"1773523835-34","https://www.alibaba.com/search/page?spm=a2700.prosearch.the-new-header_fy23_pc_search_bar.associationItem_pos_4&SearchScene=proSearch&SearchText=chocolates+for+sexual+enhancement&pro=true&from=pcHomeContent","Natural Male Enhancement Herbal Supplements for Erections and Libido Intimacy Wellness Product","Hubei Yizhilin Trading Co., Ltd.","2 yrs","Min. order: 100 pieces","9% reorder rate","$19.36-21.18","Enhancement","for","100+ views from North America","","≤2h response time","6 sold","","4.3","4.3/5.0","(28)","","CN","Chat now","","","","","","","","https://s.alicdn.com/@sc04/kf/H9a83fa0d0ac743ffa7ed6177cad039ceH.jpg_300x300.jpg","","","","https://s.alicdn.com/@img/imgextra/i1/O1CN01H0fqnK1Gpp8Bpra4W_!!6000000000672-55-tps-20-21.svg","","","","https://s.alicdn.com/@u/mobile/g/common/flags/1.0.0/assets/cn.png","https://s.alicdn.com/@sc01/kf/H62868c75e7eb4fbba8f8eb600d749c2aR.png","https://s.alicdn.com/@img/imgextra/i2/O1CN01lUQbI41ymTPgE2qXM_!!6000000006621-55-tps-12-10.svg","","","","https://s.alicdn.com/@img/imgextra/i1/O1CN01skevju1mJMrEIZqWk_!!6000000004933-55-tps-21-21.svg","https://s.alicdn.com/@img/imgextra/i1/O1CN01skevju1mJMrEIZqWk_!!6000000004933-55-tps-21-21.svg",""
"1773523835-35","https://www.alibaba.com/search/page?spm=a2700.prosearch.the-new-header_fy23_pc_search_bar.associationItem_pos_4&SearchScene=proSearch&SearchText=chocolates+for+sexual+enhancement&pro=true&from=pcHomeContent","OEM Boost Stamina Supplement with Horny Goat Weed Tribulus Maca Root Boost Energy Male Enhancement Gummies","Chongqing Chunbang Pharmaceutical Technology Co., Ltd.","1 yr","Min. order: 5 boxes","16% reorder rate","$2.92-4.38","Enhancement","","≤2h response time","","","","","4.9","4.9/5.0","(19)","","CN","Chat now","","","","","","","","https://s.alicdn.com/@sc04/kf/H31cbf5545f474cbdaa843f153fe5a8b4V.png_300x300.png","","","","https://s.alicdn.com/@img/imgextra/i1/O1CN01H0fqnK1Gpp8Bpra4W_!!6000000000672-55-tps-20-21.svg","","","","https://s.alicdn.com/@u/mobile/g/common/flags/1.0.0/assets/cn.png","https://s.alicdn.com/@sc01/kf/H62868c75e7eb4fbba8f8eb600d749c2aR.png","https://s.alicdn.com/@img/imgextra/i2/O1CN01lUQbI41ymTPgE2qXM_!!6000000006621-55-tps-12-10.svg","","","","https://s.alicdn.com/@img/imgextra/i1/O1CN01skevju1mJMrEIZqWk_!!6000000004933-55-tps-21-21.svg","https://s.alicdn.com/@img/imgextra/i1/O1CN01skevju1mJMrEIZqWk_!!6000000004933-55-tps-21-21.svg",""
"1773523835-36","https://www.alibaba.com/search/page?spm=a2700.prosearch.the-new-header_fy23_pc_search_bar.associationItem_pos_4&SearchScene=proSearch&SearchText=chocolates+for+sexual+enhancement&pro=true&from=pcHomeContent","Private Label ODM/OEM Gummy Male Enhancement Gummies Pleasure Gummies Used for Emotional and Energy Growth","Xinhongyan (Henan) Biotechnology Co., Ltd.","1 yr","Min. order: 50 pieces","15% reorder rate","$1.59-2.89","Enhancement","for","100+ views from North America","","≤1h response time","","","4.5","4.5/5.0","(18)","","CN","Chat now","","","5% off $2,000","certified","","Ad","","https://s.alicdn.com/@sc04/kf/H529f3c25cfaa4c0fba537da94bae2240i.jpg_300x300.jpg","","","","https://s.alicdn.com/@img/imgextra/i1/O1CN01H0fqnK1Gpp8Bpra4W_!!6000000000672-55-tps-20-21.svg","https://s.alicdn.com/@img/imgextra/i4/O1CN01ZQqlCv1icMsN1gizu_!!6000000004433-2-tps-172-64.png?webp=close&avif=close","https://s.alicdn.com/@sc04/kf/Haef259c4e6174b0e820f05108e54bfca7.png_100x100.png?webp=close&avif=close","https://s.alicdn.com/@img/imgextra/i3/O1CN01mhQx6j25bfQson9wW_!!6000000007545-2-tps-56-56.png","https://s.alicdn.com/@u/mobile/g/common/flags/1.0.0/assets/cn.png","https://s.alicdn.com/@sc01/kf/H62868c75e7eb4fbba8f8eb600d749c2aR.png","https://s.alicdn.com/@img/imgextra/i3/O1CN01Bv2erf1UtOvnQdp1D_!!6000000002575-55-tps-12-10.svg","","","","https://s.alicdn.com/@img/imgextra/i1/O1CN01skevju1mJMrEIZqWk_!!6000000004933-55-tps-21-21.svg","https://s.alicdn.com/@img/imgextra/i1/O1CN01skevju1mJMrEIZqWk_!!6000000004933-55-tps-21-21.svg",""
"1773523835-37","https://www.alibaba.com/search/page?spm=a2700.prosearch.the-new-header_fy23_pc_search_bar.associationItem_pos_4&SearchScene=proSearch&SearchText=chocolates+for+sexual+enhancement&pro=true&from=pcHomeContent","Private Label Male Power Enhancement Capsules Ginseng & Horny Goat Weed Energy Pills in Gummy Candy Dosage Enhance Male Ability","Zhengzhou Hongyixing Biological Technology Co., Ltd","2 yrs","Min. order: 500 pieces","≤10h response time","$1.53-3.99","Enhancement","","","","","","","5.0","5.0/5.0","(2)","","CN","Chat now","","","","","","","","https://s.alicdn.com/@sc04/kf/H73915f8e313448fb916dd1308b23f3f73.jpg_300x300.jpg","","","","https://s.alicdn.com/@img/imgextra/i1/O1CN01H0fqnK1Gpp8Bpra4W_!!6000000000672-55-tps-20-21.svg","","","","https://s.alicdn.com/@u/mobile/g/common/flags/1.0.0/assets/cn.png","","https://s.alicdn.com/@img/imgextra/i2/O1CN01lUQbI41ymTPgE2qXM_!!6000000006621-55-tps-12-10.svg","","","","https://s.alicdn.com/@img/imgextra/i1/O1CN01skevju1mJMrEIZqWk_!!6000000004933-55-tps-21-21.svg","https://s.alicdn.com/@img/imgextra/i1/O1CN01skevju1mJMrEIZqWk_!!6000000004933-55-tps-21-21.svg",""
"1773523835-38","https://www.alibaba.com/search/page?spm=a2700.prosearch.the-new-header_fy23_pc_search_bar.associationItem_pos_4&SearchScene=proSearch&SearchText=chocolates+for+sexual+enhancement&pro=true&from=pcHomeContent","Custom 1200K Rhino Magnum 188K Zipper Pouch for Male Sexual Enhancement 100% Natural Herbal Extract Bags for Honey Sexual Pills","Shenzhen Rainbow Packaging Co., Ltd.","13 yrs","Min. order: 200 pieces","1000+ store reviews","$0.04-0.50","for","Sexual","39% reorder rate","Enhancement","≤6h response time","","","4.5","4.5/5.0","(43)","","CN","Chat now","","for","","","","","","https://s.alicdn.com/@sc04/kf/H8fa88e9fb57e49108c2f12c5f953a1b5w.jpg_300x300.jpg","","","","https://s.alicdn.com/@img/imgextra/i1/O1CN01H0fqnK1Gpp8Bpra4W_!!6000000000672-55-tps-20-21.svg","https://s.alicdn.com/@img/imgextra/i4/O1CN01ZQqlCv1icMsN1gizu_!!6000000004433-2-tps-172-64.png?webp=close&avif=close","","","https://s.alicdn.com/@u/mobile/g/common/flags/1.0.0/assets/cn.png","https://s.alicdn.com/@sc01/kf/H62868c75e7eb4fbba8f8eb600d749c2aR.png","https://s.alicdn.com/@img/imgextra/i3/O1CN01Bv2erf1UtOvnQdp1D_!!6000000002575-55-tps-12-10.svg","https://s.alicdn.com/@img/imgextra/i3/O1CN01Bv2erf1UtOvnQdp1D_!!6000000002575-55-tps-12-10.svg","https://s.alicdn.com/@img/imgextra/i3/O1CN01Bv2erf1UtOvnQdp1D_!!6000000002575-55-tps-12-10.svg","","https://s.alicdn.com/@img/imgextra/i1/O1CN01skevju1mJMrEIZqWk_!!6000000004933-55-tps-21-21.svg","https://s.alicdn.com/@img/imgextra/i1/O1CN01skevju1mJMrEIZqWk_!!6000000004933-55-tps-21-21.svg",""
"1773523835-39","https://www.alibaba.com/search/page?spm=a2700.prosearch.the-new-header_fy23_pc_search_bar.associationItem_pos_4&SearchScene=proSearch&SearchText=chocolates+for+sexual+enhancement&pro=true&from=pcHomeContent","OEM Nutritional Supplement Horny Goat Weed Gummies Tribulus Terrestris Support Male Health Enhance Energy","Xi'an Frazer Biotech Co., Ltd.","3 yrs","Min. order: 500 sets","100+ store reviews","$2.65-4.65","Enhance","","26% reorder rate","","≤4h response time","","","4.8","4.8/5.0","(33)","","CN","Chat now","","","","","","","","https://s.alicdn.com/@sc04/kf/Hdb6eba0eac5a4c91b5ffda60bb35cc49d.jpg_300x300.jpg","","","","https://s.alicdn.com/@img/imgextra/i1/O1CN01H0fqnK1Gpp8Bpra4W_!!6000000000672-55-tps-20-21.svg","","","","https://s.alicdn.com/@u/mobile/g/common/flags/1.0.0/assets/cn.png","","https://s.alicdn.com/@img/imgextra/i2/O1CN01lUQbI41ymTPgE2qXM_!!6000000006621-55-tps-12-10.svg","","","","https://s.alicdn.com/@img/imgextra/i1/O1CN01skevju1mJMrEIZqWk_!!6000000004933-55-tps-21-21.svg","https://s.alicdn.com/@img/imgextra/i1/O1CN01skevju1mJMrEIZqWk_!!6000000004933-55-tps-21-21.svg",""
"1773523835-40","https://www.alibaba.com/search/page?spm=a2700.prosearch.the-new-header_fy23_pc_search_bar.associationItem_pos_4&SearchScene=proSearch&SearchText=chocolates+for+sexual+enhancement&pro=true&from=pcHomeContent","Private Brand Natural Herbs Extracted to Improve Blood Circulation, Enhance Body Function, Sexual Desire and Soft Gummies","Guangzhou E-Mei Biotechnology Co., Ltd.","8 yrs","Min. order: 100 pieces","300+ store reviews","$2.50-5","Enhance","Sexual","21% reorder rate","","≤3h response time","","","4.7","4.7/5.0","(87)","","CN","Chat now","","","","","","","","https://s.alicdn.com/@sc04/kf/Hdb7c68ae801c435c8395f613a3ce1b103.jpg_300x300.jpg","","","","https://s.alicdn.com/@img/imgextra/i1/O1CN01H0fqnK1Gpp8Bpra4W_!!6000000000672-55-tps-20-21.svg","","","","https://s.alicdn.com/@u/mobile/g/common/flags/1.0.0/assets/cn.png","","https://s.alicdn.com/@img/imgextra/i3/O1CN01Bv2erf1UtOvnQdp1D_!!6000000002575-55-tps-12-10.svg","","","","https://s.alicdn.com/@img/imgextra/i1/O1CN01skevju1mJMrEIZqWk_!!6000000004933-55-tps-21-21.svg","https://s.alicdn.com/@img/imgextra/i1/O1CN01skevju1mJMrEIZqWk_!!6000000004933-55-tps-21-21.svg",""
"1773523835-41","https://www.alibaba.com/search/page?spm=a2700.prosearch.the-new-header_fy23_pc_search_bar.associationItem_pos_4&SearchScene=proSearch&SearchText=chocolates+for+sexual+enhancement&pro=true&from=pcHomeContent","Factory Wholesale Horny Goat Weed Maca Root Powder Male Wellness Support for Men Horny Goat Weed Candy","VIETNAM KANG SUYUAN INTERNATIONAL PHARMACEUTICAL CO.,LTD","1 yr","Min. order: 100 pieces","800+ views from North America","$2.33","for","","≤4h response time","","","","","","","","","VN","Chat now","Add to cart","","","","","Ad","","https://s.alicdn.com/@sc04/kf/Hdc028c689c1c4f81baf34998794b7506S.jpg_300x300.jpg","","","https://s.alicdn.com/@img/imgextra/i3/O1CN01Bv2erf1UtOvnQdp1D_!!6000000002575-55-tps-12-10.svg","https://s.alicdn.com/@img/imgextra/i1/O1CN01H0fqnK1Gpp8Bpra4W_!!6000000000672-55-tps-20-21.svg","","","","https://s.alicdn.com/@u/mobile/g/common/flags/1.0.0/assets/vn.png","","https://s.alicdn.com/@img/imgextra/i3/O1CN01Bv2erf1UtOvnQdp1D_!!6000000002575-55-tps-12-10.svg","https://s.alicdn.com/@img/imgextra/i3/O1CN01Bv2erf1UtOvnQdp1D_!!6000000002575-55-tps-12-10.svg","https://s.alicdn.com/@img/imgextra/i3/O1CN01Bv2erf1UtOvnQdp1D_!!6000000002575-55-tps-12-10.svg","https://s.alicdn.com/@img/imgextra/i3/O1CN01Bv2erf1UtOvnQdp1D_!!6000000002575-55-tps-12-10.svg","https://s.alicdn.com/@img/imgextra/i1/O1CN01skevju1mJMrEIZqWk_!!6000000004933-55-tps-21-21.svg","https://s.alicdn.com/@img/imgextra/i1/O1CN01skevju1mJMrEIZqWk_!!6000000004933-55-tps-21-21.svg",""
"1773523835-42","https://www.alibaba.com/search/page?spm=a2700.prosearch.the-new-header_fy23_pc_search_bar.associationItem_pos_4&SearchScene=proSearch&SearchText=chocolates+for+sexual+enhancement&pro=true&from=pcHomeContent","Private Label Libido Booster Gummies for Men Women Hormone Balance With Saw Palmetto Natural Female Libido Booster Herb Gummies","Hainan Alading Biotechnology Co., Ltd.","1 yr","Min. order: 100 bags","22% reorder rate","$0.50-3.10","for","","100+ views from North America","","≤1h response time","","","5.0","5.0/5.0","(1)","","CN","Chat now","","","","","","","","https://s.alicdn.com/@sc04/kf/H218c49014ad342d8bdde7566dcd9c739d.jpg_300x300.jpg","","","","https://s.alicdn.com/@img/imgextra/i1/O1CN01H0fqnK1Gpp8Bpra4W_!!6000000000672-55-tps-20-21.svg","","","","https://s.alicdn.com/@u/mobile/g/common/flags/1.0.0/assets/cn.png","","https://s.alicdn.com/@img/imgextra/i2/O1CN01lUQbI41ymTPgE2qXM_!!6000000006621-55-tps-12-10.svg","","","","https://s.alicdn.com/@img/imgextra/i1/O1CN01skevju1mJMrEIZqWk_!!6000000004933-55-tps-21-21.svg","https://s.alicdn.com/@img/imgextra/i1/O1CN01skevju1mJMrEIZqWk_!!6000000004933-55-tps-21-21.svg",""
"1773523835-43","https://www.alibaba.com/search/page?spm=a2700.prosearch.the-new-header_fy23_pc_search_bar.associationItem_pos_4&SearchScene=proSearch&SearchText=chocolates+for+sexual+enhancement&pro=true&from=pcHomeContent","Herbal Libido Booster for Enhanced Sexual Drive Stamina and Intimacy Support Promotes Healthy Sexual Wellness Naturally","FITNESS VEDA PRIVATE LIMITED","2 yrs","Min. order: 200 packs","≤3h response time","$3","for","Enhanced","","Sexual","","","","","","","","IN","Chat now","Add to cart","Sexual","","","","","","https://s.alicdn.com/@sc04/kf/Hc922e2a969b346b5a3e30b6ab3238546m.png_300x300.png","","","","https://s.alicdn.com/@img/imgextra/i1/O1CN01H0fqnK1Gpp8Bpra4W_!!6000000000672-55-tps-20-21.svg","","","","https://s.alicdn.com/@u/mobile/g/common/flags/1.0.0/assets/in.png","","https://s.alicdn.com/@img/imgextra/i3/O1CN01Bv2erf1UtOvnQdp1D_!!6000000002575-55-tps-12-10.svg","https://s.alicdn.com/@img/imgextra/i3/O1CN01Bv2erf1UtOvnQdp1D_!!6000000002575-55-tps-12-10.svg","https://s.alicdn.com/@img/imgextra/i3/O1CN01Bv2erf1UtOvnQdp1D_!!6000000002575-55-tps-12-10.svg","","https://s.alicdn.com/@img/imgextra/i1/O1CN01skevju1mJMrEIZqWk_!!6000000004933-55-tps-21-21.svg","https://s.alicdn.com/@img/imgextra/i1/O1CN01skevju1mJMrEIZqWk_!!6000000004933-55-tps-21-21.svg",""
"1773523835-44","https://www.alibaba.com/search/page?spm=a2700.prosearch.the-new-header_fy23_pc_search_bar.associationItem_pos_4&SearchScene=proSearch&SearchText=chocolates+for+sexual+enhancement&pro=true&from=pcHomeContent","Aeglewell Direct Supply Horny Goat Weed Gummies One Time Use Customizable Enhancing Sexual Both Men and Women","Guangdong Runbaihui Food Co., Ltd.","2 yrs","Min. order: 500 boxes","18% reorder rate","$2.30","Enhancing","Sexual","100+ views from North America","","≤8h response time","3 sold","","4.3","4.3/5.0","(19)","3-day dispatch","CN","Chat now","Add to cart","","","certified","","Ad","","https://s.alicdn.com/@sc04/kf/Ha384899f999f4d5799048858dfaf2c28K.jpg_300x300.jpg","https://s.alicdn.com/@img/imgextra/i2/O1CN01pZsS7S1RAZFleCw0N_!!6000000002071-2-tps-33-34.png","","","https://s.alicdn.com/@img/imgextra/i1/O1CN01H0fqnK1Gpp8Bpra4W_!!6000000000672-55-tps-20-21.svg","https://s.alicdn.com/@img/imgextra/i1/O1CN01Qlzniu1tBJAdJ8zsY_!!6000000005863-2-tps-283-45.png?webp=close&avif=close","https://s.alicdn.com/@sc04/kf/Haef259c4e6174b0e820f05108e54bfca7.png_100x100.png?webp=close&avif=close","","https://s.alicdn.com/@u/mobile/g/common/flags/1.0.0/assets/cn.png","https://s.alicdn.com/@sc01/kf/H62868c75e7eb4fbba8f8eb600d749c2aR.png","https://s.alicdn.com/@img/imgextra/i3/O1CN01Bv2erf1UtOvnQdp1D_!!6000000002575-55-tps-12-10.svg","https://s.alicdn.com/@img/imgextra/i3/O1CN01Bv2erf1UtOvnQdp1D_!!6000000002575-55-tps-12-10.svg","","","https://s.alicdn.com/@img/imgextra/i1/O1CN01skevju1mJMrEIZqWk_!!6000000004933-55-tps-21-21.svg","https://s.alicdn.com/@img/imgextra/i1/O1CN01skevju1mJMrEIZqWk_!!6000000004933-55-tps-21-21.svg",""
"1773523835-45","https://www.alibaba.com/search/page?spm=a2700.prosearch.the-new-header_fy23_pc_search_bar.associationItem_pos_4&SearchScene=proSearch&SearchText=chocolates+for+sexual+enhancement&pro=true&from=pcHomeContent","Chinaherbs 100% Natural Herbal Libido Enhancement Male Fertility Tea Bag Style Libido Booster Tea for Men and Women","Xi'an Chinaherbs Commerce Co., Ltd.","13 yrs","Min. order: 100 packs","4800+ store reviews","$1.98-2.20","Enhancement","for","18% reorder rate","","≤6h response time","10 sold","","4.7","4.7/5.0","(324)","","CN","Chat now","","","","certified","","","","https://s.alicdn.com/@sc04/kf/Hac9e42c6172b481c8147f36aadfee6b6M.png_300x300.png","","","","https://s.alicdn.com/@img/imgextra/i1/O1CN01H0fqnK1Gpp8Bpra4W_!!6000000000672-55-tps-20-21.svg","https://s.alicdn.com/@img/imgextra/i4/O1CN01ZQqlCv1icMsN1gizu_!!6000000004433-2-tps-172-64.png?webp=close&avif=close","https://s.alicdn.com/@sc04/kf/Haef259c4e6174b0e820f05108e54bfca7.png_100x100.png?webp=close&avif=close","","https://s.alicdn.com/@u/mobile/g/common/flags/1.0.0/assets/cn.png","https://s.alicdn.com/@sc01/kf/H62868c75e7eb4fbba8f8eb600d749c2aR.png","https://s.alicdn.com/@img/imgextra/i3/O1CN01Bv2erf1UtOvnQdp1D_!!6000000002575-55-tps-12-10.svg","https://s.alicdn.com/@img/imgextra/i3/O1CN01Bv2erf1UtOvnQdp1D_!!6000000002575-55-tps-12-10.svg","https://s.alicdn.com/@img/imgextra/i3/O1CN01Bv2erf1UtOvnQdp1D_!!6000000002575-55-tps-12-10.svg","","https://s.alicdn.com/@img/imgextra/i1/O1CN01skevju1mJMrEIZqWk_!!6000000004933-55-tps-21-21.svg","https://s.alicdn.com/@img/imgextra/i1/O1CN01skevju1mJMrEIZqWk_!!6000000004933-55-tps-21-21.svg",""
"1773523835-46","https://www.alibaba.com/search/page?spm=a2700.prosearch.the-new-header_fy23_pc_search_bar.associationItem_pos_4&SearchScene=proSearch&SearchText=chocolates+for+sexual+enhancement&pro=true&from=pcHomeContent","Customize Brand Black Maca Plus Gummy Candy Ashwagandha Root Male Enhancement Maca Root Gummies","Guangzhou Yushanmei Biotechnology Co., Ltd.","1 yr","Min. order: 5000 boxes","≤8h response time","$0.50-1.90","Enhancement","","","","","","","5.0","5.0/5.0","(1)","","CN","Chat now","","","5% off $2,000","certified","","","","https://s.alicdn.com/@sc04/kf/Hcfe8aae63dad4e66a52f05a3fd37f226k.jpg_300x300.jpg","","","","https://s.alicdn.com/@img/imgextra/i1/O1CN01H0fqnK1Gpp8Bpra4W_!!6000000000672-55-tps-20-21.svg","https://s.alicdn.com/@img/imgextra/i4/O1CN01ZQqlCv1icMsN1gizu_!!6000000004433-2-tps-172-64.png?webp=close&avif=close","https://s.alicdn.com/@sc04/kf/Haef259c4e6174b0e820f05108e54bfca7.png_100x100.png?webp=close&avif=close","https://s.alicdn.com/@img/imgextra/i3/O1CN01mhQx6j25bfQson9wW_!!6000000007545-2-tps-56-56.png","https://s.alicdn.com/@u/mobile/g/common/flags/1.0.0/assets/cn.png","https://s.alicdn.com/@sc01/kf/H62868c75e7eb4fbba8f8eb600d749c2aR.png","https://s.alicdn.com/@img/imgextra/i2/O1CN01lUQbI41ymTPgE2qXM_!!6000000006621-55-tps-12-10.svg","","","","https://s.alicdn.com/@img/imgextra/i1/O1CN01skevju1mJMrEIZqWk_!!6000000004933-55-tps-21-21.svg","https://s.alicdn.com/@img/imgextra/i1/O1CN01skevju1mJMrEIZqWk_!!6000000004933-55-tps-21-21.svg",""
"1773523835-47","https://www.alibaba.com/search/page?spm=a2700.prosearch.the-new-header_fy23_pc_search_bar.associationItem_pos_4&SearchScene=proSearch&SearchText=chocolates+for+sexual+enhancement&pro=true&from=pcHomeContent","Quality Certification Tribulus Terrestris Saponin Ginseng Extract Male Libido Enhancer Energy Gummies 5g","PK UPTECH TECHNOLOGY COMPANY LIMITED","2 yrs","Min. order: 100 pieces","≤4h response time","$0.40-2.50","Enhancer","","","","","","","","","","","TH","Chat now","","","","","","","","https://s.alicdn.com/@sc04/kf/Ha77c6c3b326d412da698376a17f1806cB.jpg_300x300.jpg","","","","https://s.alicdn.com/@img/imgextra/i1/O1CN01H0fqnK1Gpp8Bpra4W_!!6000000000672-55-tps-20-21.svg","","","","https://s.alicdn.com/@u/mobile/g/common/flags/1.0.0/assets/th.png","","https://s.alicdn.com/@img/imgextra/i3/O1CN01Bv2erf1UtOvnQdp1D_!!6000000002575-55-tps-12-10.svg","https://s.alicdn.com/@img/imgextra/i3/O1CN01Bv2erf1UtOvnQdp1D_!!6000000002575-55-tps-12-10.svg","https://s.alicdn.com/@img/imgextra/i3/O1CN01Bv2erf1UtOvnQdp1D_!!6000000002575-55-tps-12-10.svg","","https://s.alicdn.com/@img/imgextra/i1/O1CN01skevju1mJMrEIZqWk_!!6000000004933-55-tps-21-21.svg","https://s.alicdn.com/@img/imgextra/i1/O1CN01skevju1mJMrEIZqWk_!!6000000004933-55-tps-21-21.svg",""
"1773523835-48","https://www.alibaba.com/search/page?spm=a2700.prosearch.the-new-header_fy23_pc_search_bar.associationItem_pos_4&SearchScene=proSearch&SearchText=chocolates+for+sexual+enhancement&pro=true&from=pcHomeContent","Gummy Private Label Drop Shipping Horny Goat Weed Gummy Energy Booster Gummies for Men","Shenzhen Lifegarden Nutrition Co.,ltd","3 yrs","Min. order: 500 pieces","50+ store reviews","$1.65-3.50","for","","≤7h response time","","","","","5.0","5.0/5.0","(3)","","CN","Chat now","","","","","","","","https://s.alicdn.com/@sc04/kf/H6504e0f2f6a44e17aa06b834cffeb7e0p.png_300x300.png","","","","https://s.alicdn.com/@img/imgextra/i1/O1CN01H0fqnK1Gpp8Bpra4W_!!6000000000672-55-tps-20-21.svg","","","","https://s.alicdn.com/@u/mobile/g/common/flags/1.0.0/assets/cn.png","","https://s.alicdn.com/@img/imgextra/i2/O1CN01lUQbI41ymTPgE2qXM_!!6000000006621-55-tps-12-10.svg","","","","https://s.alicdn.com/@img/imgextra/i1/O1CN01skevju1mJMrEIZqWk_!!6000000004933-55-tps-21-21.svg","https://s.alicdn.com/@img/imgextra/i1/O1CN01skevju1mJMrEIZqWk_!!6000000004933-55-tps-21-21.svg",""
"1773523835-49","https://www.alibaba.com/search/page?spm=a2700.prosearch.the-new-header_fy23_pc_search_bar.associationItem_pos_4&SearchScene=proSearch&SearchText=chocolates+for+sexual+enhancement&pro=true&from=pcHomeContent","Female Pineapple Libido Booster Herb Gummies Male Women Libido Support Gummies Gummy Candy Libido","Qinqin Special Medical (henan) Medical Technology Co., Ltd.","1 yr","Min. order: 500 pieces","6% reorder rate","$1.50-1.90","","","200+ views from North America","","≤3h response time","","","3.4","3.4/5.0","(5)","","CN","Chat now","","","5% off $2,000","certified","","Ad","","https://s.alicdn.com/@sc04/kf/H6708b9d9c01f411085cfc09295cd333eC.jpg_300x300.jpg","","","","https://s.alicdn.com/@img/imgextra/i1/O1CN01H0fqnK1Gpp8Bpra4W_!!6000000000672-55-tps-20-21.svg","https://s.alicdn.com/@img/imgextra/i4/O1CN01ZQqlCv1icMsN1gizu_!!6000000004433-2-tps-172-64.png?webp=close&avif=close","https://s.alicdn.com/@sc04/kf/Hdbbb6a106e8d4515be692063768d8fd4J.png_100x100.png?webp=close&avif=close","https://s.alicdn.com/@img/imgextra/i3/O1CN01mhQx6j25bfQson9wW_!!6000000007545-2-tps-56-56.png","https://s.alicdn.com/@u/mobile/g/common/flags/1.0.0/assets/cn.png","https://s.alicdn.com/@sc01/kf/H62868c75e7eb4fbba8f8eb600d749c2aR.png","https://s.alicdn.com/@img/imgextra/i3/O1CN01Bv2erf1UtOvnQdp1D_!!6000000002575-55-tps-12-10.svg","","","","https://s.alicdn.com/@img/imgextra/i1/O1CN01skevju1mJMrEIZqWk_!!6000000004933-55-tps-21-21.svg","https://s.alicdn.com/@img/imgextra/i1/O1CN01skevju1mJMrEIZqWk_!!6000000004933-55-tps-21-21.svg",""
"1773523835-50","https://www.alibaba.com/search/page?spm=a2700.prosearch.the-new-header_fy23_pc_search_bar.associationItem_pos_4&SearchScene=proSearch&SearchText=chocolates+for+sexual+enhancement&pro=true&from=pcHomeContent","In Stock Oyster Eucommia Male Flower Pressed Candy Increase Libido Oyster Eucommia Male Enhancement Sexnal Mint Strips","US Institute of Organic Dietetics and Pharmaceutical Inc","1 yr","Min. order: 10000 boxes","≤4h response time","$0.80-1.20","Enhancement","","","","","","","","","","","US","Chat now","","","","","","","","https://s.alicdn.com/@sc04/kf/H4e1c43191bff4575be07207b679f7fa1y.jpg_300x300.jpg","","","","https://s.alicdn.com/@img/imgextra/i1/O1CN01H0fqnK1Gpp8Bpra4W_!!6000000000672-55-tps-20-21.svg","","","","https://s.alicdn.com/@u/mobile/g/common/flags/1.0.0/assets/us.png","","https://s.alicdn.com/@img/imgextra/i3/O1CN01Bv2erf1UtOvnQdp1D_!!6000000002575-55-tps-12-10.svg","https://s.alicdn.com/@img/imgextra/i3/O1CN01Bv2erf1UtOvnQdp1D_!!6000000002575-55-tps-12-10.svg","https://s.alicdn.com/@img/imgextra/i3/O1CN01Bv2erf1UtOvnQdp1D_!!6000000002575-55-tps-12-10.svg","https://s.alicdn.com/@img/imgextra/i3/O1CN01Bv2erf1UtOvnQdp1D_!!6000000002575-55-tps-12-10.svg","https://s.alicdn.com/@img/imgextra/i1/O1CN01skevju1mJMrEIZqWk_!!6000000004933-55-tps-21-21.svg","https://s.alicdn.com/@img/imgextra/i1/O1CN01skevju1mJMrEIZqWk_!!6000000004933-55-tps-21-21.svg",""
"1773523835-51","https://www.alibaba.com/search/page?spm=a2700.prosearch.the-new-header_fy23_pc_search_bar.associationItem_pos_4&SearchScene=proSearch&SearchText=chocolates+for+sexual+enhancement&pro=true&from=pcHomeContent","Premium Herbal Peruvian Maca Tribulus Extract Essence Male Libido Enhancer Coffee","Lampana Group Co., Ltd.","2 yrs","Min. order: 5 boxes","≤6h response time","$6.80-30","Enhancer","","","","","","","","","","","TH","Chat now","","","","","","","","https://s.alicdn.com/@sc04/kf/Hb30861bcb114459e8246f190e5258339l.jpg_300x300.jpg","","","","https://s.alicdn.com/@img/imgextra/i1/O1CN01H0fqnK1Gpp8Bpra4W_!!6000000000672-55-tps-20-21.svg","https://s.alicdn.com/@img/imgextra/i4/O1CN01ZQqlCv1icMsN1gizu_!!6000000004433-2-tps-172-64.png?webp=close&avif=close","","","https://s.alicdn.com/@u/mobile/g/common/flags/1.0.0/assets/th.png","","https://s.alicdn.com/@img/imgextra/i3/O1CN01Bv2erf1UtOvnQdp1D_!!6000000002575-55-tps-12-10.svg","https://s.alicdn.com/@img/imgextra/i3/O1CN01Bv2erf1UtOvnQdp1D_!!6000000002575-55-tps-12-10.svg","https://s.alicdn.com/@img/imgextra/i3/O1CN01Bv2erf1UtOvnQdp1D_!!6000000002575-55-tps-12-10.svg","https://s.alicdn.com/@img/imgextra/i3/O1CN01Bv2erf1UtOvnQdp1D_!!6000000002575-55-tps-12-10.svg","https://s.alicdn.com/@img/imgextra/i1/O1CN01skevju1mJMrEIZqWk_!!6000000004933-55-tps-21-21.svg","https://s.alicdn.com/@img/imgextra/i1/O1CN01skevju1mJMrEIZqWk_!!6000000004933-55-tps-21-21.svg",""
"1773523835-52","https://www.alibaba.com/search/page?spm=a2700.prosearch.the-new-header_fy23_pc_search_bar.associationItem_pos_4&SearchScene=proSearch&SearchText=chocolates+for+sexual+enhancement&pro=true&from=pcHomeContent","OEM Men Enlargement Gummy Candy for Energy Performance Ashwagandha Herbal Supplements for Male Fertility Natural Libido Vitality","Henan Meibenmei Biotechnology Co., Ltd.","1 yr","Min. order: 5000 units","≤2h response time","$1.70-1.90","for","for","","","","","","","","","","CN","Chat now","","","","","","","","https://s.alicdn.com/@sc04/kf/Hb5037aa3634847ffab15793910ef3b0ed.jpg_300x300.jpg","","","","https://s.alicdn.com/@img/imgextra/i1/O1CN01H0fqnK1Gpp8Bpra4W_!!6000000000672-55-tps-20-21.svg","","","","https://s.alicdn.com/@u/mobile/g/common/flags/1.0.0/assets/cn.png","","https://s.alicdn.com/@img/imgextra/i2/O1CN01lUQbI41ymTPgE2qXM_!!6000000006621-55-tps-12-10.svg","","","","https://s.alicdn.com/@img/imgextra/i1/O1CN01skevju1mJMrEIZqWk_!!6000000004933-55-tps-21-21.svg","https://s.alicdn.com/@img/imgextra/i1/O1CN01skevju1mJMrEIZqWk_!!6000000004933-55-tps-21-21.svg",""
"1773523835-53","https://www.alibaba.com/search/page?spm=a2700.prosearch.the-new-header_fy23_pc_search_bar.associationItem_pos_4&SearchScene=proSearch&SearchText=chocolates+for+sexual+enhancement&pro=true&from=pcHomeContent","GMP Certified Men's Sexual Health Enhancer Energy and Vitality Boost 3g Herbal Gummies","PK UPTECH TECHNOLOGY COMPANY LIMITED","2 yrs","Min. order: 50 grains","≤4h response time","$0.30-2.60","Sexual","Enhancer","","","","","","","","","","TH","Chat now","","","","","","","","https://s.alicdn.com/@sc04/kf/H4d234b9fec1c46808ae8296dae2fa3565.png_300x300.png","","","","https://s.alicdn.com/@img/imgextra/i1/O1CN01H0fqnK1Gpp8Bpra4W_!!6000000000672-55-tps-20-21.svg","","","","https://s.alicdn.com/@u/mobile/g/common/flags/1.0.0/assets/th.png","","https://s.alicdn.com/@img/imgextra/i3/O1CN01Bv2erf1UtOvnQdp1D_!!6000000002575-55-tps-12-10.svg","https://s.alicdn.com/@img/imgextra/i3/O1CN01Bv2erf1UtOvnQdp1D_!!6000000002575-55-tps-12-10.svg","https://s.alicdn.com/@img/imgextra/i3/O1CN01Bv2erf1UtOvnQdp1D_!!6000000002575-55-tps-12-10.svg","","https://s.alicdn.com/@img/imgextra/i1/O1CN01skevju1mJMrEIZqWk_!!6000000004933-55-tps-21-21.svg","https://s.alicdn.com/@img/imgextra/i1/O1CN01skevju1mJMrEIZqWk_!!6000000004933-55-tps-21-21.svg",""
"1773523835-54","https://www.alibaba.com/search/page?spm=a2700.prosearch.the-new-header_fy23_pc_search_bar.associationItem_pos_4&SearchScene=proSearch&SearchText=chocolates+for+sexual+enhancement&pro=true&from=pcHomeContent","ODM/OEM Gummy Male Enhancement Gummies Pleasure Gummies","Zhengzhou Lingkang Trading Co., Ltd.","1 yr","Min. order: 100 units","≤2h response time","$2.20-3","Enhancement","","","","","","","","","","","CN","Chat now","","","","","","","","https://s.alicdn.com/@sc04/kf/Hc7c3cdd807a64376ae8bdb58ba0be2cdQ.png_300x300.png","","","","https://s.alicdn.com/@img/imgextra/i1/O1CN01H0fqnK1Gpp8Bpra4W_!!6000000000672-55-tps-20-21.svg","","","","https://s.alicdn.com/@u/mobile/g/common/flags/1.0.0/assets/cn.png","","https://s.alicdn.com/@img/imgextra/i2/O1CN01lUQbI41ymTPgE2qXM_!!6000000006621-55-tps-12-10.svg","","","","https://s.alicdn.com/@img/imgextra/i1/O1CN01skevju1mJMrEIZqWk_!!6000000004933-55-tps-21-21.svg","https://s.alicdn.com/@img/imgextra/i1/O1CN01skevju1mJMrEIZqWk_!!6000000004933-55-tps-21-21.svg",""
"1773523835-55","https://www.alibaba.com/search/page?spm=a2700.prosearch.the-new-header_fy23_pc_search_bar.associationItem_pos_4&SearchScene=proSearch&SearchText=chocolates+for+sexual+enhancement&pro=true&from=pcHomeContent","Effective Herbal Libido Booster Tea for Men Sexual Libido Enhancement Tea","Chengdu Deyinrunzhu Biotechnology Co., Ltd.","6 yrs","Min. order: 1000 bags","100+ store reviews","$2-2.50","for","Sexual","16% reorder rate","Enhancement","100+ views from North America","","≤2h response time","4.7","4.7/5.0","(13)","Easy Return","CN","Chat now","","","","","","","Easy Return","https://s.alicdn.com/@sc04/kf/H7c0f8b8c32434624acbd9a7c9f48e4f4e.jpg_300x300.jpg","https://s.alicdn.com/@img/imgextra/i4/O1CN01QUhXLX1lDaB0DYt9b_!!6000000004785-2-tps-34-34.png","","","https://s.alicdn.com/@img/imgextra/i1/O1CN01H0fqnK1Gpp8Bpra4W_!!6000000000672-55-tps-20-21.svg","","","","https://s.alicdn.com/@u/mobile/g/common/flags/1.0.0/assets/cn.png","","https://s.alicdn.com/@img/imgextra/i3/O1CN01Bv2erf1UtOvnQdp1D_!!6000000002575-55-tps-12-10.svg","https://s.alicdn.com/@img/imgextra/i3/O1CN01Bv2erf1UtOvnQdp1D_!!6000000002575-55-tps-12-10.svg","","","https://s.alicdn.com/@img/imgextra/i1/O1CN01skevju1mJMrEIZqWk_!!6000000004933-55-tps-21-21.svg","https://s.alicdn.com/@img/imgextra/i1/O1CN01skevju1mJMrEIZqWk_!!6000000004933-55-tps-21-21.svg","https://s.alicdn.com/@img/imgextra/i4/O1CN01QUhXLX1lDaB0DYt9b_!!6000000004785-2-tps-34-34.png"
"1773523835-56","https://www.alibaba.com/search/page?spm=a2700.prosearch.the-new-header_fy23_pc_search_bar.associationItem_pos_4&SearchScene=proSearch&SearchText=chocolates+for+sexual+enhancement&pro=true&from=pcHomeContent","Private Label Male Sea Cucumber Deer Whip Ginseng Candy Boost Energy Strengthen Stamina Improve Excitement Men Deer Whip Tablet","Guangxi Mushu Jishe International Trade Co., Ltd.","1 yr","Min. order: 1 piece","≤2h response time","$6.09-8.14","","","","","","","","4.3","4.3/5.0","(8)","","CN","Chat now","","","","","Easy Return","","","https://s.alicdn.com/@sc04/kf/Hb5867d701105495cb5c3214ef2837de9R.jpg_300x300.jpg","","https://s.alicdn.com/@img/imgextra/i4/O1CN01QUhXLX1lDaB0DYt9b_!!6000000004785-2-tps-34-34.png","","https://s.alicdn.com/@img/imgextra/i1/O1CN01H0fqnK1Gpp8Bpra4W_!!6000000000672-55-tps-20-21.svg","","","","https://s.alicdn.com/@u/mobile/g/common/flags/1.0.0/assets/cn.png","","https://s.alicdn.com/@img/imgextra/i2/O1CN01lUQbI41ymTPgE2qXM_!!6000000006621-55-tps-12-10.svg","","","","https://s.alicdn.com/@img/imgextra/i1/O1CN01skevju1mJMrEIZqWk_!!6000000004933-55-tps-21-21.svg","https://s.alicdn.com/@img/imgextra/i1/O1CN01skevju1mJMrEIZqWk_!!6000000004933-55-tps-21-21.svg",""
"1773523835-57","https://www.alibaba.com/search/page?spm=a2700.prosearch.the-new-header_fy23_pc_search_bar.associationItem_pos_4&SearchScene=proSearch&SearchText=chocolates+for+sexual+enhancement&pro=true&from=pcHomeContent","Male Sexual Power Enhancement Tea Bag Improve Fertility and Nourish the Kidney Energy Male Fertility Tea for Men Sexual","Anhui Daoyuan Xunmeng Biotechnology Co., Ltd.","1 yr","Min. order: 1000 bags","28% reorder rate","$1.60-1.80","Sexual","Enhancement","≤3h response time","for","","","","4.2","4.2/5.0","(10)","","CN","Chat now","","Sexual","","","Easy Return","","","https://s.alicdn.com/@sc04/kf/H7fa80259526c47a7b7e3f378a6a14322P.jpg_300x300.jpg","","https://s.alicdn.com/@img/imgextra/i4/O1CN01QUhXLX1lDaB0DYt9b_!!6000000004785-2-tps-34-34.png","","https://s.alicdn.com/@img/imgextra/i1/O1CN01H0fqnK1Gpp8Bpra4W_!!6000000000672-55-tps-20-21.svg","","","","https://s.alicdn.com/@u/mobile/g/common/flags/1.0.0/assets/cn.png","https://s.alicdn.com/@sc01/kf/H62868c75e7eb4fbba8f8eb600d749c2aR.png","https://s.alicdn.com/@img/imgextra/i2/O1CN01lUQbI41ymTPgE2qXM_!!6000000006621-55-tps-12-10.svg","","","","https://s.alicdn.com/@img/imgextra/i1/O1CN01skevju1mJMrEIZqWk_!!6000000004933-55-tps-21-21.svg","https://s.alicdn.com/@img/imgextra/i1/O1CN01skevju1mJMrEIZqWk_!!6000000004933-55-tps-21-21.svg",""
"1773523835-58","https://www.alibaba.com/search/page?spm=a2700.prosearch.the-new-header_fy23_pc_search_bar.associationItem_pos_4&SearchScene=proSearch&SearchText=chocolates+for+sexual+enhancement&pro=true&from=pcHomeContent","Pure Natural Herbal Maca White Coffee for Men Sexual Enhancer in Neutral Taste Box Packaged with Sugar Flavored Bag","Xi 'an Green Peptide Biotechnology Co., Ltd.","2 yrs","Min. order: 50 pieces","50+ store reviews","$2-4","for","Sexual","21% reorder rate","Enhancer","≤3h response time","","","4.3","4.3/5.0","(48)","","CN","Chat now","","","","certified","","","","https://s.alicdn.com/@sc04/kf/H79ef7103aa2b43c4a62987a8700d1bacT.png_300x300.png","","","","https://s.alicdn.com/@img/imgextra/i1/O1CN01H0fqnK1Gpp8Bpra4W_!!6000000000672-55-tps-20-21.svg","https://s.alicdn.com/@img/imgextra/i4/O1CN01ZQqlCv1icMsN1gizu_!!6000000004433-2-tps-172-64.png?webp=close&avif=close","https://s.alicdn.com/@sc04/kf/Haef259c4e6174b0e820f05108e54bfca7.png_100x100.png?webp=close&avif=close","","https://s.alicdn.com/@u/mobile/g/common/flags/1.0.0/assets/cn.png","https://s.alicdn.com/@sc01/kf/H62868c75e7eb4fbba8f8eb600d749c2aR.png","https://s.alicdn.com/@img/imgextra/i3/O1CN01Bv2erf1UtOvnQdp1D_!!6000000002575-55-tps-12-10.svg","https://s.alicdn.com/@img/imgextra/i3/O1CN01Bv2erf1UtOvnQdp1D_!!6000000002575-55-tps-12-10.svg","https://s.alicdn.com/@img/imgextra/i3/O1CN01Bv2erf1UtOvnQdp1D_!!6000000002575-55-tps-12-10.svg","","https://s.alicdn.com/@img/imgextra/i1/O1CN01skevju1mJMrEIZqWk_!!6000000004933-55-tps-21-21.svg","https://s.alicdn.com/@img/imgextra/i1/O1CN01skevju1mJMrEIZqWk_!!6000000004933-55-tps-21-21.svg",""
"1773523835-59","https://www.alibaba.com/search/page?spm=a2700.prosearch.the-new-header_fy23_pc_search_bar.associationItem_pos_4&SearchScene=proSearch&SearchText=chocolates+for+sexual+enhancement&pro=true&from=pcHomeContent","Power Sexual Enhancement love Maca Sexual Men Power Energy Male Fertility Tea","Huizhou Weiteli Technology Co., Ltd.","1 yr","Min. order: 10 pieces","14% reorder rate","$1.70-2.45","Sexual","Enhancement","≤8h response time","Sexual","","","","4.6","4.6/5.0","(4)","","CN","Chat now","","","","","Easy Return","","","https://s.alicdn.com/@sc04/kf/H76200cb382514285b9d6b606da0eea3bf.jpg_300x300.jpg","","https://s.alicdn.com/@img/imgextra/i4/O1CN01QUhXLX1lDaB0DYt9b_!!6000000004785-2-tps-34-34.png","","https://s.alicdn.com/@img/imgextra/i1/O1CN01H0fqnK1Gpp8Bpra4W_!!6000000000672-55-tps-20-21.svg","","","","https://s.alicdn.com/@u/mobile/g/common/flags/1.0.0/assets/cn.png","","https://s.alicdn.com/@img/imgextra/i2/O1CN01lUQbI41ymTPgE2qXM_!!6000000006621-55-tps-12-10.svg","","","","https://s.alicdn.com/@img/imgextra/i1/O1CN01skevju1mJMrEIZqWk_!!6000000004933-55-tps-21-21.svg","https://s.alicdn.com/@img/imgextra/i1/O1CN01skevju1mJMrEIZqWk_!!6000000004933-55-tps-21-21.svg",""
"1773523835-60","https://www.alibaba.com/search/page?spm=a2700.prosearch.the-new-header_fy23_pc_search_bar.associationItem_pos_4&SearchScene=proSearch&SearchText=chocolates+for+sexual+enhancement&pro=true&from=pcHomeContent","Vitahealthy OEM ODM Private Label Horny Goat Weed Gummies for Men Enhance Energy Endurance Gummies","Shaanxi Vitahealthy Technology Co., Ltd.","2 yrs","Min. order: 100 boxes","100+ store reviews","$1.80-2.20","for","Enhance","21% reorder rate","","≤5h response time","100 sold","","4.6","4.6/5.0","(76)","","CN","Chat now","","","","certified","","","","https://s.alicdn.com/@sc04/kf/Hc004a715a2974624afe2607fcf7806afl.jpg_300x300.jpg","","","","https://s.alicdn.com/@img/imgextra/i1/O1CN01H0fqnK1Gpp8Bpra4W_!!6000000000672-55-tps-20-21.svg","https://s.alicdn.com/@img/imgextra/i4/O1CN01ZQqlCv1icMsN1gizu_!!6000000004433-2-tps-172-64.png?webp=close&avif=close","https://s.alicdn.com/@sc04/kf/Haef259c4e6174b0e820f05108e54bfca7.png_100x100.png?webp=close&avif=close","","https://s.alicdn.com/@u/mobile/g/common/flags/1.0.0/assets/cn.png","https://s.alicdn.com/@sc01/kf/H62868c75e7eb4fbba8f8eb600d749c2aR.png","https://s.alicdn.com/@img/imgextra/i3/O1CN01Bv2erf1UtOvnQdp1D_!!6000000002575-55-tps-12-10.svg","https://s.alicdn.com/@img/imgextra/i3/O1CN01Bv2erf1UtOvnQdp1D_!!6000000002575-55-tps-12-10.svg","https://s.alicdn.com/@img/imgextra/i3/O1CN01Bv2erf1UtOvnQdp1D_!!6000000002575-55-tps-12-10.svg","","https://s.alicdn.com/@img/imgextra/i1/O1CN01skevju1mJMrEIZqWk_!!6000000004933-55-tps-21-21.svg","https://s.alicdn.com/@img/imgextra/i1/O1CN01skevju1mJMrEIZqWk_!!6000000004933-55-tps-21-21.svg",""
