web_scraper_order,web_scraper_start_url,data,data2,data3,data4,data5,price,data6,data7,data8,data9,data10,data11,data12,data13,data14,data15,data16,data17,data18,data19,price2,price3,data20,data21,data22,data23,data24,data25,data26,image,image2,image3,image4,image5,image6,image7,image8,image9,image10,image11,image12,image13,image14,image15,image16
"1773523698-1","https://www.alibaba.com/search/page?spm=a2700.prosearch.the-new-header_fy23_pc_search_bar.associationItem_pos_4&SearchScene=proSearch&SearchText=chocolates+for+sexual+enhancement&pro=true&from=pcHomeContent","Sexual Enhancement Chocolate for Men Choco Royal Wholesale Gift Boxes for Choco Royal Chocolate Vip Uv Coated Embossing","Guangzhou Yinchuang Trading Co., Ltd.","1 yr","Min. order: 108 boxes","100+ store reviews","$5.50-7.50","Sexual","Enhancement","11% reorder rate","19 sold","100+ views from North America","Chocolate","for","≤2h response time","Chocolate","4.7","4.7/5.0","(108)","Chat now","for","","","","Easy Return","","","","CN","","https://s.alicdn.com/@sc04/kf/H5aca7c31dd7e4cd9a4f75dde2087c2c8d.jpg_300x300.jpg","","","","","https://s.alicdn.com/@img/imgextra/i1/O1CN01H0fqnK1Gpp8Bpra4W_!!6000000000672-55-tps-20-21.svg","","","https://s.alicdn.com/@img/imgextra/i4/O1CN01QUhXLX1lDaB0DYt9b_!!6000000004785-2-tps-34-34.png","https://s.alicdn.com/@u/mobile/g/common/flags/1.0.0/assets/cn.png","https://s.alicdn.com/@img/imgextra/i3/O1CN01Bv2erf1UtOvnQdp1D_!!6000000002575-55-tps-12-10.svg","","https://s.alicdn.com/@img/imgextra/i3/O1CN01Bv2erf1UtOvnQdp1D_!!6000000002575-55-tps-12-10.svg","","https://s.alicdn.com/@img/imgextra/i1/O1CN01skevju1mJMrEIZqWk_!!6000000004933-55-tps-21-21.svg","https://s.alicdn.com/@img/imgextra/i1/O1CN01skevju1mJMrEIZqWk_!!6000000004933-55-tps-21-21.svg"
"1773523698-2","https://www.alibaba.com/search/page?spm=a2700.prosearch.the-new-header_fy23_pc_search_bar.associationItem_pos_4&SearchScene=proSearch&SearchText=chocolates+for+sexual+enhancement&pro=true&from=pcHomeContent","Wholesale Rhino Choco Royal Chocolate VIP Male Enhancement - Custom Packaging OEM","Shenzhen Tuanzun Technology Co., Ltd.","1 yr","Min. order: 576 bags","46% reorder rate","$0.80","Chocolate","Enhancement","≤10h response time","","","","","","","4.0","4.0/5.0","(4)","Chat now","","","","","Easy Return","","","","CN","","https://s.alicdn.com/@sc04/kf/H7178769129c44697840192d914ca6793z.jpg_300x300.jpg","","","","","https://s.alicdn.com/@img/imgextra/i1/O1CN01H0fqnK1Gpp8Bpra4W_!!6000000000672-55-tps-20-21.svg","","","https://s.alicdn.com/@img/imgextra/i4/O1CN01QUhXLX1lDaB0DYt9b_!!6000000004785-2-tps-34-34.png","https://s.alicdn.com/@u/mobile/g/common/flags/1.0.0/assets/cn.png","https://s.alicdn.com/@img/imgextra/i3/O1CN01Bv2erf1UtOvnQdp1D_!!6000000002575-55-tps-12-10.svg","","","","https://s.alicdn.com/@img/imgextra/i1/O1CN01skevju1mJMrEIZqWk_!!6000000004933-55-tps-21-21.svg","https://s.alicdn.com/@img/imgextra/i1/O1CN01skevju1mJMrEIZqWk_!!6000000004933-55-tps-21-21.svg"
"1773523698-3","https://www.alibaba.com/search/page?spm=a2700.prosearch.the-new-header_fy23_pc_search_bar.associationItem_pos_4&SearchScene=proSearch&SearchText=chocolates+for+sexual+enhancement&pro=true&from=pcHomeContent","Male Enlargement Chocolate Herbal Supplement Aphrodisiac Exciting Chocolate Long-lasting Endurance","Xi An Hao Baby Trading Co., Ltd.","8 yrs","Min. order: 1000 pieces","300+ store reviews","$2.05-3.80","Chocolate","Chocolate","30% reorder rate","40 sold","200+ views from North America","","","≤1h response time","","4.4","4.4/5.0","(32)","Chat now","","","","","","","","","CN","","https://s.alicdn.com/@sc04/kf/Hbe6cb4dca53f4fa3aa22fd7e50a3b06fz.png_300x300.png","","","","","https://s.alicdn.com/@img/imgextra/i1/O1CN01H0fqnK1Gpp8Bpra4W_!!6000000000672-55-tps-20-21.svg","","","","https://s.alicdn.com/@u/mobile/g/common/flags/1.0.0/assets/cn.png","https://s.alicdn.com/@img/imgextra/i3/O1CN01Bv2erf1UtOvnQdp1D_!!6000000002575-55-tps-12-10.svg","","","","https://s.alicdn.com/@img/imgextra/i1/O1CN01skevju1mJMrEIZqWk_!!6000000004933-55-tps-21-21.svg","https://s.alicdn.com/@img/imgextra/i1/O1CN01skevju1mJMrEIZqWk_!!6000000004933-55-tps-21-21.svg"
"1773523698-4","https://www.alibaba.com/search/page?spm=a2700.prosearch.the-new-header_fy23_pc_search_bar.associationItem_pos_4&SearchScene=proSearch&SearchText=chocolates+for+sexual+enhancement&pro=true&from=pcHomeContent","Hot Sale Royal Choco Black Chocolate Enhance Sexual Function for Men Herbal Extract Large Pack of 12 Pieces 10Gram Each","Guangxi Maiyue International Technology Co., Ltd.","1 yr","Min. order: 1 box","200+ store reviews","$4.90-6.30","Chocolate","Enhance","14% reorder rate","69 sold","500+ views from North America","Sexual","for","≤5h response time","","4.7","4.7/5.0","(118)","Chat now","","","","","","","","","CN","","https://s.alicdn.com/@sc04/kf/H578db35621b1404f82ad6713bf57a0efc.png_300x300.png","","","","","https://s.alicdn.com/@img/imgextra/i1/O1CN01H0fqnK1Gpp8Bpra4W_!!6000000000672-55-tps-20-21.svg","","","","https://s.alicdn.com/@u/mobile/g/common/flags/1.0.0/assets/cn.png","https://s.alicdn.com/@img/imgextra/i3/O1CN01Bv2erf1UtOvnQdp1D_!!6000000002575-55-tps-12-10.svg","","https://s.alicdn.com/@img/imgextra/i3/O1CN01Bv2erf1UtOvnQdp1D_!!6000000002575-55-tps-12-10.svg","","https://s.alicdn.com/@img/imgextra/i1/O1CN01skevju1mJMrEIZqWk_!!6000000004933-55-tps-21-21.svg","https://s.alicdn.com/@img/imgextra/i1/O1CN01skevju1mJMrEIZqWk_!!6000000004933-55-tps-21-21.svg"
"1773523698-5","https://www.alibaba.com/search/page?spm=a2700.prosearch.the-new-header_fy23_pc_search_bar.associationItem_pos_4&SearchScene=proSearch&SearchText=chocolates+for+sexual+enhancement&pro=true&from=pcHomeContent","Wholesale Enhancement Men's Energy Rhino Chocolate for Men Royal Choco","Xi'an Kanglin Biotechnology Co., Ltd.","1 yr","Min. order: 1 box","8% reorder rate","$5.99-10.95","Enhancement","Chocolate","200+ views from North America","1 sold","≤3h response time","for","","","","4.6","4.6/5.0","(7)","Chat now","","","","","","","","","CN","","https://s.alicdn.com/@sc04/kf/H1315c5ae5a024cce9d3f85bce6c18f89N.jpg_300x300.jpg","","","","","https://s.alicdn.com/@img/imgextra/i1/O1CN01H0fqnK1Gpp8Bpra4W_!!6000000000672-55-tps-20-21.svg","","","","https://s.alicdn.com/@u/mobile/g/common/flags/1.0.0/assets/cn.png","https://s.alicdn.com/@img/imgextra/i3/O1CN01Bv2erf1UtOvnQdp1D_!!6000000002575-55-tps-12-10.svg","","","","https://s.alicdn.com/@img/imgextra/i1/O1CN01skevju1mJMrEIZqWk_!!6000000004933-55-tps-21-21.svg","https://s.alicdn.com/@img/imgextra/i1/O1CN01skevju1mJMrEIZqWk_!!6000000004933-55-tps-21-21.svg"
"1773523698-6","https://www.alibaba.com/search/page?spm=a2700.prosearch.the-new-header_fy23_pc_search_bar.associationItem_pos_4&SearchScene=proSearch&SearchText=chocolates+for+sexual+enhancement&pro=true&from=pcHomeContent","Premium Male Performance Chocolate Libido Boost & Stamina Enhancement Delicious Cocoa-Based Supplement Custom Formula Bulk","Guangzhou Yocare Health Industry Co., Ltd.","1 yr","Min. order: 5000 boxes","16% reorder rate","$0.50-1","Chocolate","Enhancement","200+ views from North America","","≤11h response time","","","","","5.0","5.0/5.0","(2)","Chat now","","","","","","","certified","","CN","","https://s.alicdn.com/@sc04/kf/H47427e1f2bcb4190b51289a165808975u.png_300x300.png","","","","","https://s.alicdn.com/@img/imgextra/i1/O1CN01H0fqnK1Gpp8Bpra4W_!!6000000000672-55-tps-20-21.svg","https://s.alicdn.com/@sc04/kf/Haef259c4e6174b0e820f05108e54bfca7.png_100x100.png?webp=close&avif=close","","","https://s.alicdn.com/@u/mobile/g/common/flags/1.0.0/assets/cn.png","https://s.alicdn.com/@img/imgextra/i2/O1CN01lUQbI41ymTPgE2qXM_!!6000000006621-55-tps-12-10.svg","https://s.alicdn.com/@sc01/kf/H62868c75e7eb4fbba8f8eb600d749c2aR.png","","","https://s.alicdn.com/@img/imgextra/i1/O1CN01skevju1mJMrEIZqWk_!!6000000004933-55-tps-21-21.svg","https://s.alicdn.com/@img/imgextra/i1/O1CN01skevju1mJMrEIZqWk_!!6000000004933-55-tps-21-21.svg"
"1773523698-7","https://www.alibaba.com/search/page?spm=a2700.prosearch.the-new-header_fy23_pc_search_bar.associationItem_pos_4&SearchScene=proSearch&SearchText=chocolates+for+sexual+enhancement&pro=true&from=pcHomeContent","Black Royal VIP Maca Chocolate Bars Supports Male Prostate Health Boosts Energy & Vitality Enhances Libido Customizable Gift Box","Guangxi Xingyao Chuangsheng Biotechnology Co., Ltd.","1 yr","Min. order: 100 bags","31% reorder rate","$6-7.50","Chocolate","Enhances","","","","","","","","4.4","4.4/5.0","(34)","Chat now","","","","","","","","","CN","","https://s.alicdn.com/@sc04/kf/H7f2758a3f8774ec6bd678d85a2f5fe38L.jpg_300x300.jpg","","","","","https://s.alicdn.com/@img/imgextra/i1/O1CN01H0fqnK1Gpp8Bpra4W_!!6000000000672-55-tps-20-21.svg","","","","https://s.alicdn.com/@u/mobile/g/common/flags/1.0.0/assets/cn.png","https://s.alicdn.com/@img/imgextra/i2/O1CN01lUQbI41ymTPgE2qXM_!!6000000006621-55-tps-12-10.svg","","","","https://s.alicdn.com/@img/imgextra/i1/O1CN01skevju1mJMrEIZqWk_!!6000000004933-55-tps-21-21.svg","https://s.alicdn.com/@img/imgextra/i1/O1CN01skevju1mJMrEIZqWk_!!6000000004933-55-tps-21-21.svg"
"1773523698-8","https://www.alibaba.com/search/page?spm=a2700.prosearch.the-new-header_fy23_pc_search_bar.associationItem_pos_4&SearchScene=proSearch&SearchText=chocolates+for+sexual+enhancement&pro=true&from=pcHomeContent","OEM Custom Formula Men's Natural Adult Male Herbal Supplement Exciting Chocolate Aphrodisiac Herbal Chocolate","Kelaien Food Technology (foshan) Co., Ltd.","1 yr","Min. order: 10 boxes","14% reorder rate","$2.50-3.50","Chocolate","Chocolate","600+ views from North America","828 sold","≤2h response time","","","","","4.5","4.5/5.0","(4)","Chat now","","","","5% off $2,000","","certified","","5% off $2,000","CN","","https://s.alicdn.com/@sc04/kf/H420a484953b74b84a3295135c2a99450X.jpg_300x300.jpg","https://s.alicdn.com/@img/imgextra/i3/O1CN01mhQx6j25bfQson9wW_!!6000000007545-2-tps-56-56.png","","","https://s.alicdn.com/@sc04/kf/Hdbbb6a106e8d4515be692063768d8fd4J.png_100x100.png?webp=close&avif=close","https://s.alicdn.com/@img/imgextra/i1/O1CN01H0fqnK1Gpp8Bpra4W_!!6000000000672-55-tps-20-21.svg","https://s.alicdn.com/@img/imgextra/i4/O1CN01ZQqlCv1icMsN1gizu_!!6000000004433-2-tps-172-64.png?webp=close&avif=close","https://s.alicdn.com/@img/imgextra/i3/O1CN01mhQx6j25bfQson9wW_!!6000000007545-2-tps-56-56.png","","https://s.alicdn.com/@u/mobile/g/common/flags/1.0.0/assets/cn.png","https://s.alicdn.com/@img/imgextra/i2/O1CN01lUQbI41ymTPgE2qXM_!!6000000006621-55-tps-12-10.svg","https://s.alicdn.com/@sc01/kf/H62868c75e7eb4fbba8f8eb600d749c2aR.png","","","https://s.alicdn.com/@img/imgextra/i1/O1CN01skevju1mJMrEIZqWk_!!6000000004933-55-tps-21-21.svg","https://s.alicdn.com/@img/imgextra/i1/O1CN01skevju1mJMrEIZqWk_!!6000000004933-55-tps-21-21.svg"
"1773523698-9","https://www.alibaba.com/search/page?spm=a2700.prosearch.the-new-header_fy23_pc_search_bar.associationItem_pos_4&SearchScene=proSearch&SearchText=chocolates+for+sexual+enhancement&pro=true&from=pcHomeContent","Herbal Supplement Aphrodisiac Exciting Chocolate OEM Custom Formula Men's Natural Adult Male Chocolate","AURAWELL BIOTECHNOLOGY LIMITED","1 yr","Min. order: 5 pieces","11% reorder rate","$6.99-7.39","Chocolate","Chocolate","200+ views from North America","","≤1h response time","","","","","4.9","4.9/5.0","(8)","Chat now","","","","","","","","","HK","","https://s.alicdn.com/@sc04/kf/H220dd2a997154803bdd4b9dbc10c2cbev.jpg_300x300.jpg","","","","","https://s.alicdn.com/@img/imgextra/i1/O1CN01H0fqnK1Gpp8Bpra4W_!!6000000000672-55-tps-20-21.svg","","","","https://s.alicdn.com/@u/mobile/g/common/flags/1.0.0/assets/hk.png","https://s.alicdn.com/@img/imgextra/i3/O1CN01Bv2erf1UtOvnQdp1D_!!6000000002575-55-tps-12-10.svg","","https://s.alicdn.com/@img/imgextra/i3/O1CN01Bv2erf1UtOvnQdp1D_!!6000000002575-55-tps-12-10.svg","","https://s.alicdn.com/@img/imgextra/i1/O1CN01skevju1mJMrEIZqWk_!!6000000004933-55-tps-21-21.svg","https://s.alicdn.com/@img/imgextra/i1/O1CN01skevju1mJMrEIZqWk_!!6000000004933-55-tps-21-21.svg"
"1773523698-10","https://www.alibaba.com/search/page?spm=a2700.prosearch.the-new-header_fy23_pc_search_bar.associationItem_pos_4&SearchScene=proSearch&SearchText=chocolates+for+sexual+enhancement&pro=true&from=pcHomeContent","Wholesale Hot Sale High Quality Rhino Chocolate for Men Enhancement","Shaanxi Jialinhui Trading Co., Ltd.","1 yr","Min. order: 1 box","100+ store reviews","$5.99-10.95","Chocolate","for","22% reorder rate","21 sold","≤2h response time","Enhancement","","","","4.7","4.7/5.0","(13)","Chat now","","","","","","","","","CN","","https://s.alicdn.com/@sc04/kf/Hd45e1546dbce440bac7bd8caed578018v.png_300x300.png","","","","","https://s.alicdn.com/@img/imgextra/i1/O1CN01H0fqnK1Gpp8Bpra4W_!!6000000000672-55-tps-20-21.svg","","","","https://s.alicdn.com/@u/mobile/g/common/flags/1.0.0/assets/cn.png","https://s.alicdn.com/@img/imgextra/i3/O1CN01Bv2erf1UtOvnQdp1D_!!6000000002575-55-tps-12-10.svg","","https://s.alicdn.com/@img/imgextra/i3/O1CN01Bv2erf1UtOvnQdp1D_!!6000000002575-55-tps-12-10.svg","https://s.alicdn.com/@img/imgextra/i3/O1CN01Bv2erf1UtOvnQdp1D_!!6000000002575-55-tps-12-10.svg","https://s.alicdn.com/@img/imgextra/i1/O1CN01skevju1mJMrEIZqWk_!!6000000004933-55-tps-21-21.svg","https://s.alicdn.com/@img/imgextra/i1/O1CN01skevju1mJMrEIZqWk_!!6000000004933-55-tps-21-21.svg"
"1773523698-11","https://www.alibaba.com/search/page?spm=a2700.prosearch.the-new-header_fy23_pc_search_bar.associationItem_pos_4&SearchScene=proSearch&SearchText=chocolates+for+sexual+enhancement&pro=true&from=pcHomeContent","Hot Selling Chocolate for Men Choco Royal Wholesale Gift Boxes for Choco Royal Chocolate Vip Male Sexual Enhancement","Shaanxi Huiting Times Health Technology Co., Ltd.","1 yr","Min. order: 50 boxes","9% reorder rate","$5.60-9.90","Chocolate","for","≤3h response time","","","for","Chocolate","","Enhancement","4.6","4.6/5.0","(10)","Chat now","Sexual","","","","","","","","CN","","https://s.alicdn.com/@sc04/kf/Hddaa347de20740e1aeebbf7324f37af8G.png_300x300.png","","","","","https://s.alicdn.com/@img/imgextra/i1/O1CN01H0fqnK1Gpp8Bpra4W_!!6000000000672-55-tps-20-21.svg","","","","https://s.alicdn.com/@u/mobile/g/common/flags/1.0.0/assets/cn.png","https://s.alicdn.com/@img/imgextra/i3/O1CN01Bv2erf1UtOvnQdp1D_!!6000000002575-55-tps-12-10.svg","","","","https://s.alicdn.com/@img/imgextra/i1/O1CN01skevju1mJMrEIZqWk_!!6000000004933-55-tps-21-21.svg","https://s.alicdn.com/@img/imgextra/i1/O1CN01skevju1mJMrEIZqWk_!!6000000004933-55-tps-21-21.svg"
"1773523698-12","https://www.alibaba.com/search/page?spm=a2700.prosearch.the-new-header_fy23_pc_search_bar.associationItem_pos_4&SearchScene=proSearch&SearchText=chocolates+for+sexual+enhancement&pro=true&from=pcHomeContent","Male Enlargement Chocolate Herbal Supplement Aphrodisiac Exciting Chocolate Long-lasting Endurance","Nanning Shushao Food Firm (Sole Proprietorship)","1 yr","Min. order: 3 pieces","10% reorder rate","$3.48-4.58","Chocolate","Chocolate","≤3h response time","","","","","","","4.2","4.2/5.0","(14)","Chat now","","","","","","","","","CN","","https://s.alicdn.com/@sc04/kf/H6ee87b04ffd94e278957ecc498e0f8b0y.jpg_300x300.jpg","","","","","https://s.alicdn.com/@img/imgextra/i1/O1CN01H0fqnK1Gpp8Bpra4W_!!6000000000672-55-tps-20-21.svg","","","","https://s.alicdn.com/@u/mobile/g/common/flags/1.0.0/assets/cn.png","https://s.alicdn.com/@img/imgextra/i2/O1CN01lUQbI41ymTPgE2qXM_!!6000000006621-55-tps-12-10.svg","","","","https://s.alicdn.com/@img/imgextra/i1/O1CN01skevju1mJMrEIZqWk_!!6000000004933-55-tps-21-21.svg","https://s.alicdn.com/@img/imgextra/i1/O1CN01skevju1mJMrEIZqWk_!!6000000004933-55-tps-21-21.svg"
"1773523698-13","https://www.alibaba.com/search/page?spm=a2700.prosearch.the-new-header_fy23_pc_search_bar.associationItem_pos_4&SearchScene=proSearch&SearchText=chocolates+for+sexual+enhancement&pro=true&from=pcHomeContent","Herbal Supplement Aphrodisiac Exciting Chocolate OEM Custom Formula Men's Natural Adult Male Chocolate","Shenzhen Hengchun Shicui Biotechnology Co., Ltd.","1 yr","Min. order: 50 boxes","20% reorder rate","$2.60-3.50","Chocolate","Chocolate","200+ views from North America","","≤2h response time","","","","","5.0","5.0/5.0","(1)","Chat now","","","","","","","","","CN","","https://s.alicdn.com/@sc04/kf/H11fdbdc2979d44098fad2de2f6d46a00W.jpg_300x300.jpg","","","","","https://s.alicdn.com/@img/imgextra/i1/O1CN01H0fqnK1Gpp8Bpra4W_!!6000000000672-55-tps-20-21.svg","","","","https://s.alicdn.com/@u/mobile/g/common/flags/1.0.0/assets/cn.png","https://s.alicdn.com/@img/imgextra/i2/O1CN01lUQbI41ymTPgE2qXM_!!6000000006621-55-tps-12-10.svg","","","","https://s.alicdn.com/@img/imgextra/i1/O1CN01skevju1mJMrEIZqWk_!!6000000004933-55-tps-21-21.svg","https://s.alicdn.com/@img/imgextra/i1/O1CN01skevju1mJMrEIZqWk_!!6000000004933-55-tps-21-21.svg"
"1773523698-14","https://www.alibaba.com/search/page?spm=a2700.prosearch.the-new-header_fy23_pc_search_bar.associationItem_pos_4&SearchScene=proSearch&SearchText=chocolates+for+sexual+enhancement&pro=true&from=pcHomeContent","Wholesale Sexual Supplements Rhino Choco Vip Chocolate","Guang Zhou Shi Shuo Li Package &Printing Co.,LTD","9 yrs","Min. order: 300 pieces","28% reorder rate","$0.30-0.70","Sexual","Chocolate","100+ views from North America","","","","","","","5.0","5.0/5.0","(1)","Chat now","","","","","Easy Return","","","","CN","","https://s.alicdn.com/@sc04/kf/H3cf66b4b109f44c49f94fd732c5e59bci.jpg_300x300.jpg","","","","","https://s.alicdn.com/@img/imgextra/i1/O1CN01H0fqnK1Gpp8Bpra4W_!!6000000000672-55-tps-20-21.svg","","","https://s.alicdn.com/@img/imgextra/i4/O1CN01QUhXLX1lDaB0DYt9b_!!6000000004785-2-tps-34-34.png","https://s.alicdn.com/@u/mobile/g/common/flags/1.0.0/assets/cn.png","https://s.alicdn.com/@img/imgextra/i3/O1CN01Bv2erf1UtOvnQdp1D_!!6000000002575-55-tps-12-10.svg","","","","https://s.alicdn.com/@img/imgextra/i1/O1CN01skevju1mJMrEIZqWk_!!6000000004933-55-tps-21-21.svg","https://s.alicdn.com/@img/imgextra/i1/O1CN01skevju1mJMrEIZqWk_!!6000000004933-55-tps-21-21.svg"
"1773523698-15","https://www.alibaba.com/search/page?spm=a2700.prosearch.the-new-header_fy23_pc_search_bar.associationItem_pos_4&SearchScene=proSearch&SearchText=chocolates+for+sexual+enhancement&pro=true&from=pcHomeContent","OEM Hot Sale Shilajit Chocolate Pure Himalayan Shilajit With 85+ Trace Minerals Men's Supplement Boost Stamina Libido Chocolate","Guangzhou Yiban Import And Export Trading Co., Ltd.","1 yr","Min. order: 300 pieces","28% reorder rate","$5.20-6.50","Chocolate","Chocolate","≤5h response time","","","","","","","4.7","4.7/5.0","(18)","Chat now","","","","","","","","","CN","","https://s.alicdn.com/@sc04/kf/He94ebfa87c034c9cb8105821ca9e673a3.png_300x300.png","","","","","https://s.alicdn.com/@img/imgextra/i1/O1CN01H0fqnK1Gpp8Bpra4W_!!6000000000672-55-tps-20-21.svg","","","","https://s.alicdn.com/@u/mobile/g/common/flags/1.0.0/assets/cn.png","https://s.alicdn.com/@img/imgextra/i2/O1CN01lUQbI41ymTPgE2qXM_!!6000000006621-55-tps-12-10.svg","","","","https://s.alicdn.com/@img/imgextra/i1/O1CN01skevju1mJMrEIZqWk_!!6000000004933-55-tps-21-21.svg","https://s.alicdn.com/@img/imgextra/i1/O1CN01skevju1mJMrEIZqWk_!!6000000004933-55-tps-21-21.svg"
"1773523698-16","https://www.alibaba.com/search/page?spm=a2700.prosearch.the-new-header_fy23_pc_search_bar.associationItem_pos_4&SearchScene=proSearch&SearchText=chocolates+for+sexual+enhancement&pro=true&from=pcHomeContent","Herbal Supplement Aphrodisiac Exciting Chocolate OEM Custom Formula Men's Natural Adult Male Chocolate","Villes Food (guangzhou) Co., Ltd.","2 yrs","Min. order: 30 pieces","100+ store reviews","$2.40-3.50","Chocolate","Chocolate","9% reorder rate","279 sold","800+ views from North America","","","≤2h response time","","4.6","4.6/5.0","(83)","Chat now","","","","","","","certified","","CN","","https://s.alicdn.com/@sc04/kf/H2dcfd5b568844884b64eb341cd14adc2R.jpg_300x300.jpg","","https://s.alicdn.com/@sc04/kf/Hdbbb6a106e8d4515be692063768d8fd4J.png_100x100.png?webp=close&avif=close","","","https://s.alicdn.com/@img/imgextra/i1/O1CN01H0fqnK1Gpp8Bpra4W_!!6000000000672-55-tps-20-21.svg","","","","https://s.alicdn.com/@u/mobile/g/common/flags/1.0.0/assets/cn.png","https://s.alicdn.com/@img/imgextra/i3/O1CN01Bv2erf1UtOvnQdp1D_!!6000000002575-55-tps-12-10.svg","https://s.alicdn.com/@sc01/kf/H62868c75e7eb4fbba8f8eb600d749c2aR.png","","","https://s.alicdn.com/@img/imgextra/i1/O1CN01skevju1mJMrEIZqWk_!!6000000004933-55-tps-21-21.svg","https://s.alicdn.com/@img/imgextra/i1/O1CN01skevju1mJMrEIZqWk_!!6000000004933-55-tps-21-21.svg"
"1773523698-17","https://www.alibaba.com/search/page?spm=a2700.prosearch.the-new-header_fy23_pc_search_bar.associationItem_pos_4&SearchScene=proSearch&SearchText=chocolates+for+sexual+enhancement&pro=true&from=pcHomeContent","Customize OEM Male Function Chocolate Man Enhancement Supplement Epimedium and Maca Root Extract Chocolate Candies","Guangzhou Renshengkang Biotechnology Co., Ltd.","2 yrs","Min. order: 5000 pieces","20% reorder rate","$4.20-5.80","Chocolate","Enhancement","100+ views from North America","","≤3h response time","Chocolate","","","","4.9","4.9/5.0","(5)","Chat now","","","","","","","","","CN","","https://s.alicdn.com/@sc04/kf/H7a1f8f5d1f92471b99f99f4c52a6ab12v.jpg_300x300.jpg","","","","","https://s.alicdn.com/@img/imgextra/i1/O1CN01H0fqnK1Gpp8Bpra4W_!!6000000000672-55-tps-20-21.svg","","","","https://s.alicdn.com/@u/mobile/g/common/flags/1.0.0/assets/cn.png","https://s.alicdn.com/@img/imgextra/i2/O1CN01lUQbI41ymTPgE2qXM_!!6000000006621-55-tps-12-10.svg","","","","https://s.alicdn.com/@img/imgextra/i1/O1CN01skevju1mJMrEIZqWk_!!6000000004933-55-tps-21-21.svg","https://s.alicdn.com/@img/imgextra/i1/O1CN01skevju1mJMrEIZqWk_!!6000000004933-55-tps-21-21.svg"
"1773523698-18","https://www.alibaba.com/search/page?spm=a2700.prosearch.the-new-header_fy23_pc_search_bar.associationItem_pos_4&SearchScene=proSearch&SearchText=chocolates+for+sexual+enhancement&pro=true&from=pcHomeContent","Hot-selling Royal Choco Male Enhancement Royal Rhino Chocolate Outer Packaging Box","Xi 'an Xianglinsheng trading Co., LTD","2 yrs","Min. order: 1 box","1400+ store reviews","$5.99-10.95","Enhancement","Chocolate","20% reorder rate","","≤1h response time","","","","","4.8","4.8/5.0","(192)","Chat now","","","","","Easy Return","","","","CN","","https://s.alicdn.com/@sc04/kf/H41390e364a4c4b7b98d0a8a6371f12efl.png_300x300.png","","","","","https://s.alicdn.com/@img/imgextra/i1/O1CN01H0fqnK1Gpp8Bpra4W_!!6000000000672-55-tps-20-21.svg","","","https://s.alicdn.com/@img/imgextra/i4/O1CN01QUhXLX1lDaB0DYt9b_!!6000000004785-2-tps-34-34.png","https://s.alicdn.com/@u/mobile/g/common/flags/1.0.0/assets/cn.png","https://s.alicdn.com/@img/imgextra/i3/O1CN01Bv2erf1UtOvnQdp1D_!!6000000002575-55-tps-12-10.svg","","https://s.alicdn.com/@img/imgextra/i3/O1CN01Bv2erf1UtOvnQdp1D_!!6000000002575-55-tps-12-10.svg","https://s.alicdn.com/@img/imgextra/i3/O1CN01Bv2erf1UtOvnQdp1D_!!6000000002575-55-tps-12-10.svg","https://s.alicdn.com/@img/imgextra/i1/O1CN01skevju1mJMrEIZqWk_!!6000000004933-55-tps-21-21.svg","https://s.alicdn.com/@img/imgextra/i1/O1CN01skevju1mJMrEIZqWk_!!6000000004933-55-tps-21-21.svg"
"1773523698-19","https://www.alibaba.com/search/page?spm=a2700.prosearch.the-new-header_fy23_pc_search_bar.associationItem_pos_4&SearchScene=proSearch&SearchText=chocolates+for+sexual+enhancement&pro=true&from=pcHomeContent","Newest Design High Quality Vip Rhin'o Chocolate Outer Packaging Box Sexual Enhancement honey 20ft Container Supply","Shaanxi Huiting Times Health Technology Co., Ltd.","1 yr","Min. order: 54 boxes","9% reorder rate","$5-9","Chocolate","Sexual","≤3h response time","","","Enhancement","","","","4.6","4.6/5.0","(10)","Chat now","","","","","","","","","CN","","https://s.alicdn.com/@sc04/kf/H6bd21f52c93e4a808ca5aad57d98323a2.png_300x300.png","","","","","https://s.alicdn.com/@img/imgextra/i1/O1CN01H0fqnK1Gpp8Bpra4W_!!6000000000672-55-tps-20-21.svg","","","","https://s.alicdn.com/@u/mobile/g/common/flags/1.0.0/assets/cn.png","https://s.alicdn.com/@img/imgextra/i3/O1CN01Bv2erf1UtOvnQdp1D_!!6000000002575-55-tps-12-10.svg","","","","https://s.alicdn.com/@img/imgextra/i1/O1CN01skevju1mJMrEIZqWk_!!6000000004933-55-tps-21-21.svg","https://s.alicdn.com/@img/imgextra/i1/O1CN01skevju1mJMrEIZqWk_!!6000000004933-55-tps-21-21.svg"
"1773523698-20","https://www.alibaba.com/search/page?spm=a2700.prosearch.the-new-header_fy23_pc_search_bar.associationItem_pos_4&SearchScene=proSearch&SearchText=chocolates+for+sexual+enhancement&pro=true&from=pcHomeContent","Hot Selling High Quality for Vip Rhin'o Chocolate Outer Packaging Box Sexual Enhancement Products for Men","Guangzhou Yinchuang Trading Co., Ltd.","1 yr","Min. order: 54 boxes","100+ store reviews","$5-9","for","Chocolate","11% reorder rate","","≤2h response time","Sexual","Enhancement","","","4.7","4.7/5.0","(108)","Chat now","for","","","","","","","","CN","","https://s.alicdn.com/@sc04/kf/Abb94ea10da8d4822ac4690080cfbf3c38.jpg_300x300.jpg","","","","","https://s.alicdn.com/@img/imgextra/i1/O1CN01H0fqnK1Gpp8Bpra4W_!!6000000000672-55-tps-20-21.svg","","","","https://s.alicdn.com/@u/mobile/g/common/flags/1.0.0/assets/cn.png","https://s.alicdn.com/@img/imgextra/i3/O1CN01Bv2erf1UtOvnQdp1D_!!6000000002575-55-tps-12-10.svg","","https://s.alicdn.com/@img/imgextra/i3/O1CN01Bv2erf1UtOvnQdp1D_!!6000000002575-55-tps-12-10.svg","","https://s.alicdn.com/@img/imgextra/i1/O1CN01skevju1mJMrEIZqWk_!!6000000004933-55-tps-21-21.svg","https://s.alicdn.com/@img/imgextra/i1/O1CN01skevju1mJMrEIZqWk_!!6000000004933-55-tps-21-21.svg"
"1773523698-21","https://www.alibaba.com/search/page?spm=a2700.prosearch.the-new-header_fy23_pc_search_bar.associationItem_pos_4&SearchScene=proSearch&SearchText=chocolates+for+sexual+enhancement&pro=true&from=pcHomeContent","Hot Selling Royal Choco VIP Chocolate Premium Products Outer Packing Box Rhino Choco Vip Royal Chocolate Sexual Desire Package","Guangxi Maiyue International Technology Co., Ltd.","1 yr","Min. order: 1 box","200+ store reviews","$5.99-9.99","Chocolate","Chocolate","14% reorder rate","60 sold","100+ views from North America","Sexual","","≤5h response time","","4.7","4.7/5.0","(118)","Chat now","","","","","Easy Return","","","","CN","","https://s.alicdn.com/@sc04/kf/H5e2866497b564d62bf82fd3a1d9b4893U.png_300x300.png","","","","","https://s.alicdn.com/@img/imgextra/i1/O1CN01H0fqnK1Gpp8Bpra4W_!!6000000000672-55-tps-20-21.svg","","","https://s.alicdn.com/@img/imgextra/i4/O1CN01QUhXLX1lDaB0DYt9b_!!6000000004785-2-tps-34-34.png","https://s.alicdn.com/@u/mobile/g/common/flags/1.0.0/assets/cn.png","https://s.alicdn.com/@img/imgextra/i3/O1CN01Bv2erf1UtOvnQdp1D_!!6000000002575-55-tps-12-10.svg","","https://s.alicdn.com/@img/imgextra/i3/O1CN01Bv2erf1UtOvnQdp1D_!!6000000002575-55-tps-12-10.svg","","https://s.alicdn.com/@img/imgextra/i1/O1CN01skevju1mJMrEIZqWk_!!6000000004933-55-tps-21-21.svg","https://s.alicdn.com/@img/imgextra/i1/O1CN01skevju1mJMrEIZqWk_!!6000000004933-55-tps-21-21.svg"
"1773523698-22","https://www.alibaba.com/search/page?spm=a2700.prosearch.the-new-header_fy23_pc_search_bar.associationItem_pos_4&SearchScene=proSearch&SearchText=chocolates+for+sexual+enhancement&pro=true&from=pcHomeContent","Private Label Premium Pure Shilajit Resin 75% Fulvic Acid 3000mg Pure Himalayan Shilajit Gummy Candy Immune Support","Xinhongyan (Henan) Biotechnology Co., Ltd.","1 yr","Min. order: 50 pieces","15% reorder rate","$1.78-2.99","","","200+ views from North America","50 sold","≤1h response time","","","","","4.5","4.5/5.0","(18)","Chat now","","","","5% off $2,000","","certified","","5% off $2,000","CN","Ad","https://s.alicdn.com/@sc04/kf/Ab50dd51ce55b4766b69c51a6fd82589cI.jpg_300x300.jpg","https://s.alicdn.com/@img/imgextra/i3/O1CN01mhQx6j25bfQson9wW_!!6000000007545-2-tps-56-56.png","","","https://s.alicdn.com/@sc04/kf/Haef259c4e6174b0e820f05108e54bfca7.png_100x100.png?webp=close&avif=close","https://s.alicdn.com/@img/imgextra/i1/O1CN01H0fqnK1Gpp8Bpra4W_!!6000000000672-55-tps-20-21.svg","https://s.alicdn.com/@img/imgextra/i4/O1CN01ZQqlCv1icMsN1gizu_!!6000000004433-2-tps-172-64.png?webp=close&avif=close","https://s.alicdn.com/@img/imgextra/i3/O1CN01mhQx6j25bfQson9wW_!!6000000007545-2-tps-56-56.png","","https://s.alicdn.com/@u/mobile/g/common/flags/1.0.0/assets/cn.png","https://s.alicdn.com/@img/imgextra/i3/O1CN01Bv2erf1UtOvnQdp1D_!!6000000002575-55-tps-12-10.svg","https://s.alicdn.com/@sc01/kf/H62868c75e7eb4fbba8f8eb600d749c2aR.png","","","https://s.alicdn.com/@img/imgextra/i1/O1CN01skevju1mJMrEIZqWk_!!6000000004933-55-tps-21-21.svg","https://s.alicdn.com/@img/imgextra/i1/O1CN01skevju1mJMrEIZqWk_!!6000000004933-55-tps-21-21.svg"
"1773523698-23","https://www.alibaba.com/search/page?spm=a2700.prosearch.the-new-header_fy23_pc_search_bar.associationItem_pos_4&SearchScene=proSearch&SearchText=chocolates+for+sexual+enhancement&pro=true&from=pcHomeContent","Male Vitality Boosting Chocolate Natural Aphrodisiac Extracts Energy & Endurance Support Flexible MOQ ODM Wholesale","Guangzhou Yocare Health Industry Co., Ltd.","1 yr","Min. order: 5000 boxes","16% reorder rate","$0.50-1","Chocolate","","100+ views from North America","","≤11h response time","","","","","5.0","5.0/5.0","(2)","Chat now","","","","","","","certified","","CN","","https://s.alicdn.com/@sc04/kf/Hc1e35e31271e41c5ba247a8cfca01d67s.png_300x300.png","","","","","https://s.alicdn.com/@img/imgextra/i1/O1CN01H0fqnK1Gpp8Bpra4W_!!6000000000672-55-tps-20-21.svg","https://s.alicdn.com/@sc04/kf/Haef259c4e6174b0e820f05108e54bfca7.png_100x100.png?webp=close&avif=close","","","https://s.alicdn.com/@u/mobile/g/common/flags/1.0.0/assets/cn.png","https://s.alicdn.com/@img/imgextra/i2/O1CN01lUQbI41ymTPgE2qXM_!!6000000006621-55-tps-12-10.svg","https://s.alicdn.com/@sc01/kf/H62868c75e7eb4fbba8f8eb600d749c2aR.png","","","https://s.alicdn.com/@img/imgextra/i1/O1CN01skevju1mJMrEIZqWk_!!6000000004933-55-tps-21-21.svg","https://s.alicdn.com/@img/imgextra/i1/O1CN01skevju1mJMrEIZqWk_!!6000000004933-55-tps-21-21.svg"
"1773523698-24","https://www.alibaba.com/search/page?spm=a2700.prosearch.the-new-header_fy23_pc_search_bar.associationItem_pos_4&SearchScene=proSearch&SearchText=chocolates+for+sexual+enhancement&pro=true&from=pcHomeContent","Private Label Support Strength Energy and Immune Pills Supplement Organic Vegan Men Power Tongkat Ali Capsules Extract","GD B&H Health-care Products Co.,Ltd","2 yrs","Min. order: 500 pieces","6% reorder rate","$2.70-3.35","","","300+ views from North America","","≤2h response time","","","","","3.1","3.1/5.0","(7)","Chat now","","","","5% off $2,000","","","","5% off $2,000","CN","Ad","https://s.alicdn.com/@sc04/kf/Hd8c913bbe9104d9b9f1bc62e88ab56a92.jpg_300x300.jpg","https://s.alicdn.com/@img/imgextra/i3/O1CN01mhQx6j25bfQson9wW_!!6000000007545-2-tps-56-56.png","","","","https://s.alicdn.com/@img/imgextra/i1/O1CN01H0fqnK1Gpp8Bpra4W_!!6000000000672-55-tps-20-21.svg","https://s.alicdn.com/@img/imgextra/i4/O1CN01ZQqlCv1icMsN1gizu_!!6000000004433-2-tps-172-64.png?webp=close&avif=close","https://s.alicdn.com/@img/imgextra/i3/O1CN01mhQx6j25bfQson9wW_!!6000000007545-2-tps-56-56.png","","https://s.alicdn.com/@u/mobile/g/common/flags/1.0.0/assets/cn.png","https://s.alicdn.com/@img/imgextra/i3/O1CN01Bv2erf1UtOvnQdp1D_!!6000000002575-55-tps-12-10.svg","https://s.alicdn.com/@sc01/kf/H62868c75e7eb4fbba8f8eb600d749c2aR.png","","","https://s.alicdn.com/@img/imgextra/i1/O1CN01skevju1mJMrEIZqWk_!!6000000004933-55-tps-21-21.svg","https://s.alicdn.com/@img/imgextra/i1/O1CN01skevju1mJMrEIZqWk_!!6000000004933-55-tps-21-21.svg"
"1773523698-25","https://www.alibaba.com/search/page?spm=a2700.prosearch.the-new-header_fy23_pc_search_bar.associationItem_pos_4&SearchScene=proSearch&SearchText=chocolates+for+sexual+enhancement&pro=true&from=pcHomeContent","Premium Quality Wholesale Gift for BlueBerry Rhino Chocolate Enhancement for Men","Shaanxi Jialinhui Trading Co., Ltd.","1 yr","Min. order: 54 boxes","100+ store reviews","$7.50","for","Chocolate","22% reorder rate","","≤2h response time","Enhancement","for","","","4.7","4.7/5.0","(13)","Chat now","","","","","","","","","CN","","https://s.alicdn.com/@sc04/kf/H1375d3f46744445785c9cfc264c79ae7I.png_300x300.png","","","","","https://s.alicdn.com/@img/imgextra/i1/O1CN01H0fqnK1Gpp8Bpra4W_!!6000000000672-55-tps-20-21.svg","","","","https://s.alicdn.com/@u/mobile/g/common/flags/1.0.0/assets/cn.png","https://s.alicdn.com/@img/imgextra/i3/O1CN01Bv2erf1UtOvnQdp1D_!!6000000002575-55-tps-12-10.svg","","https://s.alicdn.com/@img/imgextra/i3/O1CN01Bv2erf1UtOvnQdp1D_!!6000000002575-55-tps-12-10.svg","https://s.alicdn.com/@img/imgextra/i3/O1CN01Bv2erf1UtOvnQdp1D_!!6000000002575-55-tps-12-10.svg","https://s.alicdn.com/@img/imgextra/i1/O1CN01skevju1mJMrEIZqWk_!!6000000004933-55-tps-21-21.svg","https://s.alicdn.com/@img/imgextra/i1/O1CN01skevju1mJMrEIZqWk_!!6000000004933-55-tps-21-21.svg"
"1773523698-26","https://www.alibaba.com/search/page?spm=a2700.prosearch.the-new-header_fy23_pc_search_bar.associationItem_pos_4&SearchScene=proSearch&SearchText=chocolates+for+sexual+enhancement&pro=true&from=pcHomeContent","Exciting Aphrodisiacs Chocolate Tab Chocolate Sex Sexual Aphrodisiacs Products for Men in Chocolate Bars Sexual","Kelaien Food Technology (foshan) Co., Ltd.","1 yr","Min. order: 1000 boxes","14% reorder rate","$2-2.50","Chocolate","Chocolate","1500+ views from North America","","≤2h response time","Sexual","for","","Sexual","4.5","4.5/5.0","(4)","Chat now","Chocolate","","","5% off $2,000","","certified","","5% off $2,000","CN","","https://s.alicdn.com/@sc04/kf/Hc521afe6df0f4d76a6a304357291774du.jpg_300x300.jpg","https://s.alicdn.com/@img/imgextra/i3/O1CN01mhQx6j25bfQson9wW_!!6000000007545-2-tps-56-56.png","","","https://s.alicdn.com/@sc04/kf/Hdbbb6a106e8d4515be692063768d8fd4J.png_100x100.png?webp=close&avif=close","https://s.alicdn.com/@img/imgextra/i1/O1CN01H0fqnK1Gpp8Bpra4W_!!6000000000672-55-tps-20-21.svg","https://s.alicdn.com/@img/imgextra/i4/O1CN01ZQqlCv1icMsN1gizu_!!6000000004433-2-tps-172-64.png?webp=close&avif=close","https://s.alicdn.com/@img/imgextra/i3/O1CN01mhQx6j25bfQson9wW_!!6000000007545-2-tps-56-56.png","","https://s.alicdn.com/@u/mobile/g/common/flags/1.0.0/assets/cn.png","https://s.alicdn.com/@img/imgextra/i2/O1CN01lUQbI41ymTPgE2qXM_!!6000000006621-55-tps-12-10.svg","https://s.alicdn.com/@sc01/kf/H62868c75e7eb4fbba8f8eb600d749c2aR.png","","","https://s.alicdn.com/@img/imgextra/i1/O1CN01skevju1mJMrEIZqWk_!!6000000004933-55-tps-21-21.svg","https://s.alicdn.com/@img/imgextra/i1/O1CN01skevju1mJMrEIZqWk_!!6000000004933-55-tps-21-21.svg"
"1773523698-27","https://www.alibaba.com/search/page?spm=a2700.prosearch.the-new-header_fy23_pc_search_bar.associationItem_pos_4&SearchScene=proSearch&SearchText=chocolates+for+sexual+enhancement&pro=true&from=pcHomeContent","Foodmate Secret Weapon Creatine Gummies Hidden Potential","Foodmate Co., Ltd.","9 yrs","Min. order: 100 boxes","50+ store reviews","$4-6","","","12% reorder rate","","1200+ views from North America","","","≤5h response time","","5.0","5.0/5.0","(1)","Chat now","","","","","","certified","","Easy Return","CN","Ad","https://s.alicdn.com/@sc04/kf/Hc2c39310708d4b4a80b594d71015cf21o.png_300x300.png","https://s.alicdn.com/@img/imgextra/i4/O1CN01QUhXLX1lDaB0DYt9b_!!6000000004785-2-tps-34-34.png","","","https://s.alicdn.com/@sc04/kf/Haef259c4e6174b0e820f05108e54bfca7.png_100x100.png?webp=close&avif=close","https://s.alicdn.com/@img/imgextra/i1/O1CN01H0fqnK1Gpp8Bpra4W_!!6000000000672-55-tps-20-21.svg","https://s.alicdn.com/@img/imgextra/i4/O1CN01ZQqlCv1icMsN1gizu_!!6000000004433-2-tps-172-64.png?webp=close&avif=close","","","https://s.alicdn.com/@u/mobile/g/common/flags/1.0.0/assets/cn.png","https://s.alicdn.com/@img/imgextra/i3/O1CN01Bv2erf1UtOvnQdp1D_!!6000000002575-55-tps-12-10.svg","https://s.alicdn.com/@sc01/kf/H62868c75e7eb4fbba8f8eb600d749c2aR.png","","","https://s.alicdn.com/@img/imgextra/i1/O1CN01skevju1mJMrEIZqWk_!!6000000004933-55-tps-21-21.svg","https://s.alicdn.com/@img/imgextra/i1/O1CN01skevju1mJMrEIZqWk_!!6000000004933-55-tps-21-21.svg"
"1773523698-28","https://www.alibaba.com/search/page?spm=a2700.prosearch.the-new-header_fy23_pc_search_bar.associationItem_pos_4&SearchScene=proSearch&SearchText=chocolates+for+sexual+enhancement&pro=true&from=pcHomeContent","China Manufacture Hard Steel for Men Enhancement Chocolate Paper Packages Box","Guang Zhou Shi Shuo Li Package &Printing Co.,LTD","9 yrs","Min. order: 300 pieces","28% reorder rate","$0.30-0.70","for","Enhancement","","","","Chocolate","","","","5.0","5.0/5.0","(1)","Chat now","","","","","Easy Return","","","","CN","","https://s.alicdn.com/@sc04/kf/H2dd0f46880ec49b083df087dd34eb3f45.jpg_300x300.jpg","","","","","https://s.alicdn.com/@img/imgextra/i1/O1CN01H0fqnK1Gpp8Bpra4W_!!6000000000672-55-tps-20-21.svg","","","https://s.alicdn.com/@img/imgextra/i4/O1CN01QUhXLX1lDaB0DYt9b_!!6000000004785-2-tps-34-34.png","https://s.alicdn.com/@u/mobile/g/common/flags/1.0.0/assets/cn.png","https://s.alicdn.com/@img/imgextra/i3/O1CN01Bv2erf1UtOvnQdp1D_!!6000000002575-55-tps-12-10.svg","","","","https://s.alicdn.com/@img/imgextra/i1/O1CN01skevju1mJMrEIZqWk_!!6000000004933-55-tps-21-21.svg","https://s.alicdn.com/@img/imgextra/i1/O1CN01skevju1mJMrEIZqWk_!!6000000004933-55-tps-21-21.svg"
"1773523698-29","https://www.alibaba.com/search/page?spm=a2700.prosearch.the-new-header_fy23_pc_search_bar.associationItem_pos_4&SearchScene=proSearch&SearchText=chocolates+for+sexual+enhancement&pro=true&from=pcHomeContent","OEM Custom Formula Men's Natural Adult Male Chocolate Herbal Supplement Aphrodisiac Exciting Chocolate","Villes Food (guangzhou) Co., Ltd.","2 yrs","Min. order: 1000 pieces","100+ store reviews","$2.70-3","Chocolate","Chocolate","9% reorder rate","275 sold","≤2h response time","","","","","4.6","4.6/5.0","(83)","Chat now","","","","","","","certified","","CN","","https://s.alicdn.com/@sc04/kf/H67d9a03b5c684d4bb467cdf9ee6ad2d1r.png_300x300.png","","https://s.alicdn.com/@sc04/kf/Hdbbb6a106e8d4515be692063768d8fd4J.png_100x100.png?webp=close&avif=close","","","https://s.alicdn.com/@img/imgextra/i1/O1CN01H0fqnK1Gpp8Bpra4W_!!6000000000672-55-tps-20-21.svg","","","","https://s.alicdn.com/@u/mobile/g/common/flags/1.0.0/assets/cn.png","https://s.alicdn.com/@img/imgextra/i3/O1CN01Bv2erf1UtOvnQdp1D_!!6000000002575-55-tps-12-10.svg","https://s.alicdn.com/@sc01/kf/H62868c75e7eb4fbba8f8eb600d749c2aR.png","","","https://s.alicdn.com/@img/imgextra/i1/O1CN01skevju1mJMrEIZqWk_!!6000000004933-55-tps-21-21.svg","https://s.alicdn.com/@img/imgextra/i1/O1CN01skevju1mJMrEIZqWk_!!6000000004933-55-tps-21-21.svg"
"1773523698-30","https://www.alibaba.com/search/page?spm=a2700.prosearch.the-new-header_fy23_pc_search_bar.associationItem_pos_4&SearchScene=proSearch&SearchText=chocolates+for+sexual+enhancement&pro=true&from=pcHomeContent","Royal Maca Chocolate, Enhance Male Vitality - Customized Color Box, 2-Year Shelf Life, OEM Service","Guangxi Xingyao Chuangsheng Biotechnology Co., Ltd.","1 yr","Min. order: 100 boxes","31% reorder rate","$1.99-6.98","Chocolate","Enhance","","","","","","","","4.4","4.4/5.0","(34)","Chat now","","","","","","","","","CN","","https://s.alicdn.com/@sc04/kf/Sbfc6c09dbf4e4a3798390bc9f2dfa28cr.jpg_300x300.jpg","","","","","https://s.alicdn.com/@img/imgextra/i1/O1CN01H0fqnK1Gpp8Bpra4W_!!6000000000672-55-tps-20-21.svg","","","","https://s.alicdn.com/@u/mobile/g/common/flags/1.0.0/assets/cn.png","https://s.alicdn.com/@img/imgextra/i2/O1CN01lUQbI41ymTPgE2qXM_!!6000000006621-55-tps-12-10.svg","","","","https://s.alicdn.com/@img/imgextra/i1/O1CN01skevju1mJMrEIZqWk_!!6000000004933-55-tps-21-21.svg","https://s.alicdn.com/@img/imgextra/i1/O1CN01skevju1mJMrEIZqWk_!!6000000004933-55-tps-21-21.svg"
"1773523698-31","https://www.alibaba.com/search/page?spm=a2700.prosearch.the-new-header_fy23_pc_search_bar.associationItem_pos_4&SearchScene=proSearch&SearchText=chocolates+for+sexual+enhancement&pro=true&from=pcHomeContent","mr beast chocolate","AW WHOLESALES LTD","1 yr","Min. order: 500 packs","300+ views from North America","$0.50-1.10","chocolate","","≤6h response time","","","","","","","","","","Chat now","","","","","","","","","UK","","https://s.alicdn.com/@sc04/kf/A86bb389ed41d4f7b842c8e5aa45a221a7.png_300x300.png","","","","","https://s.alicdn.com/@img/imgextra/i1/O1CN01H0fqnK1Gpp8Bpra4W_!!6000000000672-55-tps-20-21.svg","","","","https://s.alicdn.com/@u/mobile/g/common/flags/1.0.0/assets/uk.png","https://s.alicdn.com/@img/imgextra/i3/O1CN01Bv2erf1UtOvnQdp1D_!!6000000002575-55-tps-12-10.svg","","https://s.alicdn.com/@img/imgextra/i3/O1CN01Bv2erf1UtOvnQdp1D_!!6000000002575-55-tps-12-10.svg","","https://s.alicdn.com/@img/imgextra/i1/O1CN01skevju1mJMrEIZqWk_!!6000000004933-55-tps-21-21.svg","https://s.alicdn.com/@img/imgextra/i1/O1CN01skevju1mJMrEIZqWk_!!6000000004933-55-tps-21-21.svg"
"1773523698-32","https://www.alibaba.com/search/page?spm=a2700.prosearch.the-new-header_fy23_pc_search_bar.associationItem_pos_4&SearchScene=proSearch&SearchText=chocolates+for+sexual+enhancement&pro=true&from=pcHomeContent","Adult Male Booster Enhancement Capsules Wholesale Nutritional Supplements","Shaanxi Jintai Biological Engineering Co., Ltd.","17 yrs","Min. order: 50 pieces","300+ store reviews","$2-2.80","Enhancement","","21% reorder rate","","500+ views from North America","","","≤3h response time","","4.8","4.8/5.0","(33)","Chat now","","","","5% off $2,000","","certified","","5% off $2,000","CN","Ad","https://s.alicdn.com/@sc04/kf/H2d650b3e37924ef8b1cf1f94258e2791Y.jpg_300x300.jpg","https://s.alicdn.com/@img/imgextra/i3/O1CN01mhQx6j25bfQson9wW_!!6000000007545-2-tps-56-56.png","","","https://s.alicdn.com/@sc04/kf/Haef259c4e6174b0e820f05108e54bfca7.png_100x100.png?webp=close&avif=close","https://s.alicdn.com/@img/imgextra/i1/O1CN01H0fqnK1Gpp8Bpra4W_!!6000000000672-55-tps-20-21.svg","https://s.alicdn.com/@img/imgextra/i4/O1CN01ZQqlCv1icMsN1gizu_!!6000000004433-2-tps-172-64.png?webp=close&avif=close","https://s.alicdn.com/@img/imgextra/i3/O1CN01mhQx6j25bfQson9wW_!!6000000007545-2-tps-56-56.png","","https://s.alicdn.com/@u/mobile/g/common/flags/1.0.0/assets/cn.png","https://s.alicdn.com/@img/imgextra/i3/O1CN01Bv2erf1UtOvnQdp1D_!!6000000002575-55-tps-12-10.svg","https://s.alicdn.com/@sc01/kf/H62868c75e7eb4fbba8f8eb600d749c2aR.png","","","https://s.alicdn.com/@img/imgextra/i1/O1CN01skevju1mJMrEIZqWk_!!6000000004933-55-tps-21-21.svg","https://s.alicdn.com/@img/imgextra/i1/O1CN01skevju1mJMrEIZqWk_!!6000000004933-55-tps-21-21.svg"
"1773523698-33","https://www.alibaba.com/search/page?spm=a2700.prosearch.the-new-header_fy23_pc_search_bar.associationItem_pos_4&SearchScene=proSearch&SearchText=chocolates+for+sexual+enhancement&pro=true&from=pcHomeContent","Private Label Shilajit Chocolate Boost Energy & Vitality Pure Himalayan Shilajit for Woman","Guangdong Changcheng Pharmaceutical Biotechnology Co., Ltd.","3 yrs","Min. order: 500 pieces","50+ store reviews","$6.29-6.79","Chocolate","for","20% reorder rate","","≤6h response time","","","","","4.4","4.4/5.0","(19)","Chat now","","","","","","","certified","","CN","","https://s.alicdn.com/@sc04/kf/Hb80358aa265147479863d8521dcd01d4E.png_300x300.png","","","","","https://s.alicdn.com/@img/imgextra/i1/O1CN01H0fqnK1Gpp8Bpra4W_!!6000000000672-55-tps-20-21.svg","https://s.alicdn.com/@sc04/kf/Haef259c4e6174b0e820f05108e54bfca7.png_100x100.png?webp=close&avif=close","","","https://s.alicdn.com/@u/mobile/g/common/flags/1.0.0/assets/cn.png","https://s.alicdn.com/@img/imgextra/i2/O1CN01lUQbI41ymTPgE2qXM_!!6000000006621-55-tps-12-10.svg","https://s.alicdn.com/@sc01/kf/H62868c75e7eb4fbba8f8eb600d749c2aR.png","","","https://s.alicdn.com/@img/imgextra/i1/O1CN01skevju1mJMrEIZqWk_!!6000000004933-55-tps-21-21.svg","https://s.alicdn.com/@img/imgextra/i1/O1CN01skevju1mJMrEIZqWk_!!6000000004933-55-tps-21-21.svg"
"1773523698-34","https://www.alibaba.com/search/page?spm=a2700.prosearch.the-new-header_fy23_pc_search_bar.associationItem_pos_4&SearchScene=proSearch&SearchText=chocolates+for+sexual+enhancement&pro=true&from=pcHomeContent","OEM Custom Formula Men's Natural Adult Male Herbal Supplement Exciting Chocolate Aphrodisiac Herbal Chocolate","AURAWELL BIOTECHNOLOGY LIMITED","1 yr","Min. order: 5 pieces","11% reorder rate","","Chocolate","Chocolate","100+ views from North America","","≤1h response time","","","","","4.9","4.9/5.0","(8)","Chat now","","$6.99-7.39","10% off","","","","","180-day lowest prices","HK","","https://s.alicdn.com/@sc04/kf/H9353517f2f444592acb019075a010b28F.jpg_300x300.jpg","https://s.alicdn.com/@sc01/kf/He15f3630b6674cb697c45c43f49fc3752.png","","","","https://s.alicdn.com/@img/imgextra/i1/O1CN01H0fqnK1Gpp8Bpra4W_!!6000000000672-55-tps-20-21.svg","https://s.alicdn.com/@img/imgextra/i4/O1CN01ZQqlCv1icMsN1gizu_!!6000000004433-2-tps-172-64.png?webp=close&avif=close","","","https://s.alicdn.com/@u/mobile/g/common/flags/1.0.0/assets/hk.png","https://s.alicdn.com/@img/imgextra/i3/O1CN01Bv2erf1UtOvnQdp1D_!!6000000002575-55-tps-12-10.svg","","https://s.alicdn.com/@img/imgextra/i3/O1CN01Bv2erf1UtOvnQdp1D_!!6000000002575-55-tps-12-10.svg","","https://s.alicdn.com/@img/imgextra/i1/O1CN01skevju1mJMrEIZqWk_!!6000000004933-55-tps-21-21.svg","https://s.alicdn.com/@img/imgextra/i1/O1CN01skevju1mJMrEIZqWk_!!6000000004933-55-tps-21-21.svg"
"1773523698-35","https://www.alibaba.com/search/page?spm=a2700.prosearch.the-new-header_fy23_pc_search_bar.associationItem_pos_4&SearchScene=proSearch&SearchText=chocolates+for+sexual+enhancement&pro=true&from=pcHomeContent","OEM Shilajit Chewy Chocolate Bars 12 Chocolates Male Energy Immune Support Adult Herbal Supplements","Hangzhou Zhizhen Trade Company Limited","1 yr","Min. order: 50 pieces","100+ store reviews","$2.60-3","Chocolate","Chocolates","12% reorder rate","","≤1h response time","","","","","4.6","4.6/5.0","(20)","Chat now","","","","","","","","","CN","","https://s.alicdn.com/@sc04/kf/Hef54639497994161a518e754bb9e8525Y.png_300x300.png","","","","","https://s.alicdn.com/@img/imgextra/i1/O1CN01H0fqnK1Gpp8Bpra4W_!!6000000000672-55-tps-20-21.svg","","","","https://s.alicdn.com/@u/mobile/g/common/flags/1.0.0/assets/cn.png","https://s.alicdn.com/@img/imgextra/i3/O1CN01Bv2erf1UtOvnQdp1D_!!6000000002575-55-tps-12-10.svg","","","","https://s.alicdn.com/@img/imgextra/i1/O1CN01skevju1mJMrEIZqWk_!!6000000004933-55-tps-21-21.svg","https://s.alicdn.com/@img/imgextra/i1/O1CN01skevju1mJMrEIZqWk_!!6000000004933-55-tps-21-21.svg"
"1773523698-36","https://www.alibaba.com/search/page?spm=a2700.prosearch.the-new-header_fy23_pc_search_bar.associationItem_pos_4&SearchScene=proSearch&SearchText=chocolates+for+sexual+enhancement&pro=true&from=pcHomeContent","Private Label Factory Wholesale Himalayan Shilajit Chocolate Boost Energy & Vitality Shilajit Supplement for Women","Guangzhou Ludingji Biotechnology Co., Ltd.","8 yrs","Min. order: 500 pieces","100+ store reviews","$3.65-3.85","Chocolate","for","26% reorder rate","","≤6h response time","","","","","4.7","4.7/5.0","(22)","Chat now","","","","","","","certified","","CN","","https://s.alicdn.com/@sc04/kf/Hfcfec3a5d76343c1a4f32250e84bd4672.png_300x300.png","","","","","https://s.alicdn.com/@img/imgextra/i1/O1CN01H0fqnK1Gpp8Bpra4W_!!6000000000672-55-tps-20-21.svg","https://s.alicdn.com/@sc04/kf/Haef259c4e6174b0e820f05108e54bfca7.png_100x100.png?webp=close&avif=close","","","https://s.alicdn.com/@u/mobile/g/common/flags/1.0.0/assets/cn.png","https://s.alicdn.com/@img/imgextra/i2/O1CN01lUQbI41ymTPgE2qXM_!!6000000006621-55-tps-12-10.svg","https://s.alicdn.com/@sc01/kf/H62868c75e7eb4fbba8f8eb600d749c2aR.png","","","https://s.alicdn.com/@img/imgextra/i1/O1CN01skevju1mJMrEIZqWk_!!6000000004933-55-tps-21-21.svg","https://s.alicdn.com/@img/imgextra/i1/O1CN01skevju1mJMrEIZqWk_!!6000000004933-55-tps-21-21.svg"
"1773523698-37","https://www.alibaba.com/search/page?spm=a2700.prosearch.the-new-header_fy23_pc_search_bar.associationItem_pos_4&SearchScene=proSearch&SearchText=chocolates+for+sexual+enhancement&pro=true&from=pcHomeContent","OEM Hot Sale Shilajit Chocolate Pure Himalayan Shilajit With 85+ Trace Minerals Men's Supplement Boost Stamina Libido Chocolate","Benyuanda Health Technology Industry (Guangdong) Co., Ltd.","3 yrs","Min. order: 300 pieces","100+ store reviews","$1.68-2.38","Chocolate","Chocolate","42% reorder rate","","≤5h response time","","","","","4.7","4.7/5.0","(40)","Chat now","","","","","","","","","CN","","https://s.alicdn.com/@sc04/kf/H780d9cd09cac422aac9797af944cb93c2.jpg_300x300.jpg","","","","","https://s.alicdn.com/@img/imgextra/i1/O1CN01H0fqnK1Gpp8Bpra4W_!!6000000000672-55-tps-20-21.svg","","","","https://s.alicdn.com/@u/mobile/g/common/flags/1.0.0/assets/cn.png","https://s.alicdn.com/@img/imgextra/i3/O1CN01Bv2erf1UtOvnQdp1D_!!6000000002575-55-tps-12-10.svg","https://s.alicdn.com/@sc01/kf/H62868c75e7eb4fbba8f8eb600d749c2aR.png","","","https://s.alicdn.com/@img/imgextra/i1/O1CN01skevju1mJMrEIZqWk_!!6000000004933-55-tps-21-21.svg","https://s.alicdn.com/@img/imgextra/i1/O1CN01skevju1mJMrEIZqWk_!!6000000004933-55-tps-21-21.svg"
"1773523698-38","https://www.alibaba.com/search/page?spm=a2700.prosearch.the-new-header_fy23_pc_search_bar.associationItem_pos_4&SearchScene=proSearch&SearchText=chocolates+for+sexual+enhancement&pro=true&from=pcHomeContent","Natural Instant Chocolate Premium Mushroom Extract Powder Cocoa Drink 4 in 1 Cordyceps Chaga Reishi Lions Mane Mushroom Cocoa","Wuling (Fuzhou) Biotechnology Co., Ltd.","16 yrs","Min. order: 500 pieces","600+ store reviews","$4.38-5.55","Chocolate","","34% reorder rate","89 sold","100+ views from North America","","","≤5h response time","","4.3","4.3/5.0","(10)","Chat now","","","","5% off $2,000","","","","5% off $2,000","CN","Ad","https://s.alicdn.com/@sc04/kf/H0fbce3ceab744cf791e2a8edbbea55eec.jpg_300x300.jpg","https://s.alicdn.com/@img/imgextra/i3/O1CN01mhQx6j25bfQson9wW_!!6000000007545-2-tps-56-56.png","","https://s.alicdn.com/@img/imgextra/i3/O1CN01Bv2erf1UtOvnQdp1D_!!6000000002575-55-tps-12-10.svg","","https://s.alicdn.com/@img/imgextra/i1/O1CN01H0fqnK1Gpp8Bpra4W_!!6000000000672-55-tps-20-21.svg","https://s.alicdn.com/@img/imgextra/i4/O1CN01ZQqlCv1icMsN1gizu_!!6000000004433-2-tps-172-64.png?webp=close&avif=close","https://s.alicdn.com/@img/imgextra/i3/O1CN01mhQx6j25bfQson9wW_!!6000000007545-2-tps-56-56.png","","https://s.alicdn.com/@u/mobile/g/common/flags/1.0.0/assets/cn.png","https://s.alicdn.com/@img/imgextra/i3/O1CN01Bv2erf1UtOvnQdp1D_!!6000000002575-55-tps-12-10.svg","https://s.alicdn.com/@sc01/kf/H62868c75e7eb4fbba8f8eb600d749c2aR.png","https://s.alicdn.com/@img/imgextra/i3/O1CN01Bv2erf1UtOvnQdp1D_!!6000000002575-55-tps-12-10.svg","https://s.alicdn.com/@img/imgextra/i3/O1CN01Bv2erf1UtOvnQdp1D_!!6000000002575-55-tps-12-10.svg","https://s.alicdn.com/@img/imgextra/i1/O1CN01skevju1mJMrEIZqWk_!!6000000004933-55-tps-21-21.svg","https://s.alicdn.com/@img/imgextra/i1/O1CN01skevju1mJMrEIZqWk_!!6000000004933-55-tps-21-21.svg"
"1773523698-39","https://www.alibaba.com/search/page?spm=a2700.prosearch.the-new-header_fy23_pc_search_bar.associationItem_pos_4&SearchScene=proSearch&SearchText=chocolates+for+sexual+enhancement&pro=true&from=pcHomeContent","Shilajit Chocolate for Men Energy Supplement Ashwagandha 100% Pure SHILAJIT 100mg No Added Sugar Reduce Symptoms Levels","Xi'an Qinkangda Health Industry Co., Ltd.","1 yr","Min. order: 100 pieces","50+ store reviews","$7.14-10","Chocolate","for","5% reorder rate","","≤2h response time","","","","","4.9","4.9/5.0","(7)","Chat now","","","","5% off $2,000","","certified","","5% off $2,000","CN","","https://s.alicdn.com/@sc04/kf/H78831f9aa1954990abf3f2810c1c3fb7z.png_300x300.png","https://s.alicdn.com/@img/imgextra/i3/O1CN01mhQx6j25bfQson9wW_!!6000000007545-2-tps-56-56.png","","","https://s.alicdn.com/@sc04/kf/Haef259c4e6174b0e820f05108e54bfca7.png_100x100.png?webp=close&avif=close","https://s.alicdn.com/@img/imgextra/i1/O1CN01H0fqnK1Gpp8Bpra4W_!!6000000000672-55-tps-20-21.svg","https://s.alicdn.com/@img/imgextra/i4/O1CN01ZQqlCv1icMsN1gizu_!!6000000004433-2-tps-172-64.png?webp=close&avif=close","https://s.alicdn.com/@img/imgextra/i3/O1CN01mhQx6j25bfQson9wW_!!6000000007545-2-tps-56-56.png","","https://s.alicdn.com/@u/mobile/g/common/flags/1.0.0/assets/cn.png","https://s.alicdn.com/@img/imgextra/i3/O1CN01Bv2erf1UtOvnQdp1D_!!6000000002575-55-tps-12-10.svg","https://s.alicdn.com/@sc01/kf/H62868c75e7eb4fbba8f8eb600d749c2aR.png","","","https://s.alicdn.com/@img/imgextra/i1/O1CN01skevju1mJMrEIZqWk_!!6000000004933-55-tps-21-21.svg","https://s.alicdn.com/@img/imgextra/i1/O1CN01skevju1mJMrEIZqWk_!!6000000004933-55-tps-21-21.svg"
"1773523698-40","https://www.alibaba.com/search/page?spm=a2700.prosearch.the-new-header_fy23_pc_search_bar.associationItem_pos_4&SearchScene=proSearch&SearchText=chocolates+for+sexual+enhancement&pro=true&from=pcHomeContent","Private Customization Men's Energy Booster Libido Support Formula Maca Soft Candy","PK UPTECH TECHNOLOGY COMPANY LIMITED","1 yr","Min. order: 100 grains","≤4h response time","$0.80-5","","","","","","","","","","","","","Chat now","","","","","","","","","TH","","https://s.alicdn.com/@sc04/kf/Aa0773ae4d5474316af714159164c5c00N.png_300x300.png","","","https://s.alicdn.com/@img/imgextra/i3/O1CN01Bv2erf1UtOvnQdp1D_!!6000000002575-55-tps-12-10.svg","","https://s.alicdn.com/@img/imgextra/i1/O1CN01H0fqnK1Gpp8Bpra4W_!!6000000000672-55-tps-20-21.svg","","","","https://s.alicdn.com/@u/mobile/g/common/flags/1.0.0/assets/th.png","https://s.alicdn.com/@img/imgextra/i3/O1CN01Bv2erf1UtOvnQdp1D_!!6000000002575-55-tps-12-10.svg","","https://s.alicdn.com/@img/imgextra/i3/O1CN01Bv2erf1UtOvnQdp1D_!!6000000002575-55-tps-12-10.svg","https://s.alicdn.com/@img/imgextra/i3/O1CN01Bv2erf1UtOvnQdp1D_!!6000000002575-55-tps-12-10.svg","https://s.alicdn.com/@img/imgextra/i1/O1CN01skevju1mJMrEIZqWk_!!6000000004933-55-tps-21-21.svg","https://s.alicdn.com/@img/imgextra/i1/O1CN01skevju1mJMrEIZqWk_!!6000000004933-55-tps-21-21.svg"
"1773523698-41","https://www.alibaba.com/search/page?spm=a2700.prosearch.the-new-header_fy23_pc_search_bar.associationItem_pos_4&SearchScene=proSearch&SearchText=chocolates+for+sexual+enhancement&pro=true&from=pcHomeContent","VIP Honey Chocolate Libido Enhancer - Herbal Supplement for Men & Women (US Best-Selling)","Guangzhou Famous Wonderful Biological Co., Ltd.","1 yr","Min. order: 1000 pieces","≤8h response time","$6.50","Chocolate","Enhancer","","500 sold","","for","","","","4.3","4.3/5.0","(22)","Chat now","","","","","","","","","CN","","https://s.alicdn.com/@sc04/kf/H49917b7d720d42608116f57d0351d4b1H.jpg_300x300.jpg","","","","","https://s.alicdn.com/@img/imgextra/i1/O1CN01H0fqnK1Gpp8Bpra4W_!!6000000000672-55-tps-20-21.svg","","","","https://s.alicdn.com/@u/mobile/g/common/flags/1.0.0/assets/cn.png","https://s.alicdn.com/@img/imgextra/i2/O1CN01lUQbI41ymTPgE2qXM_!!6000000006621-55-tps-12-10.svg","","","","https://s.alicdn.com/@img/imgextra/i1/O1CN01skevju1mJMrEIZqWk_!!6000000004933-55-tps-21-21.svg","https://s.alicdn.com/@img/imgextra/i1/O1CN01skevju1mJMrEIZqWk_!!6000000004933-55-tps-21-21.svg"
"1773523698-42","https://www.alibaba.com/search/page?spm=a2700.prosearch.the-new-header_fy23_pc_search_bar.associationItem_pos_4&SearchScene=proSearch&SearchText=chocolates+for+sexual+enhancement&pro=true&from=pcHomeContent","Hot Selling Popular Chocolate Candy Couple Chocolate to Enhance the Stamina Portable Packaging for Easy Sharing","Anhui Qiaoyuan Food Co., Ltd.","2 yrs","Min. order: 2 boxes","16% reorder rate","$2.20-2.50","Chocolate","Chocolate","","","","Enhance","for","","","5.0","5.0/5.0","(1)","Chat now","","","","","Easy Return","","","","CN","","https://s.alicdn.com/@sc04/kf/Heee13aeffaea4b969b83a3895694da91N.jpg_300x300.jpg","","","","","https://s.alicdn.com/@img/imgextra/i1/O1CN01H0fqnK1Gpp8Bpra4W_!!6000000000672-55-tps-20-21.svg","","","https://s.alicdn.com/@img/imgextra/i4/O1CN01QUhXLX1lDaB0DYt9b_!!6000000004785-2-tps-34-34.png","https://s.alicdn.com/@u/mobile/g/common/flags/1.0.0/assets/cn.png","https://s.alicdn.com/@img/imgextra/i2/O1CN01lUQbI41ymTPgE2qXM_!!6000000006621-55-tps-12-10.svg","","","","https://s.alicdn.com/@img/imgextra/i1/O1CN01skevju1mJMrEIZqWk_!!6000000004933-55-tps-21-21.svg","https://s.alicdn.com/@img/imgextra/i1/O1CN01skevju1mJMrEIZqWk_!!6000000004933-55-tps-21-21.svg"
"1773523698-43","https://www.alibaba.com/search/page?spm=a2700.prosearch.the-new-header_fy23_pc_search_bar.associationItem_pos_4&SearchScene=proSearch&SearchText=chocolates+for+sexual+enhancement&pro=true&from=pcHomeContent","Wholesale High Quality Luxury Gold Foil Process Folding Magnetic Box for Male Power Chocolate Outer Packaging","Xi 'an Xianglinsheng trading Co., LTD","2 yrs","Min. order: 54 boxes","1400+ store reviews","$6.80-7.50","for","Chocolate","20% reorder rate","56 sold","≤1h response time","","","","","4.8","4.8/5.0","(192)","Chat now","","","","","","","","Easy Return","CN","","https://s.alicdn.com/@sc04/kf/H016d6516841648069543c9b56fd9ca0ah.png_300x300.png","https://s.alicdn.com/@img/imgextra/i4/O1CN01QUhXLX1lDaB0DYt9b_!!6000000004785-2-tps-34-34.png","","","","https://s.alicdn.com/@img/imgextra/i1/O1CN01H0fqnK1Gpp8Bpra4W_!!6000000000672-55-tps-20-21.svg","https://s.alicdn.com/@img/imgextra/i4/O1CN01ZQqlCv1icMsN1gizu_!!6000000004433-2-tps-172-64.png?webp=close&avif=close","","","https://s.alicdn.com/@u/mobile/g/common/flags/1.0.0/assets/cn.png","https://s.alicdn.com/@img/imgextra/i3/O1CN01Bv2erf1UtOvnQdp1D_!!6000000002575-55-tps-12-10.svg","","https://s.alicdn.com/@img/imgextra/i3/O1CN01Bv2erf1UtOvnQdp1D_!!6000000002575-55-tps-12-10.svg","https://s.alicdn.com/@img/imgextra/i3/O1CN01Bv2erf1UtOvnQdp1D_!!6000000002575-55-tps-12-10.svg","https://s.alicdn.com/@img/imgextra/i1/O1CN01skevju1mJMrEIZqWk_!!6000000004933-55-tps-21-21.svg","https://s.alicdn.com/@img/imgextra/i1/O1CN01skevju1mJMrEIZqWk_!!6000000004933-55-tps-21-21.svg"
"1773523698-44","https://www.alibaba.com/search/page?spm=a2700.prosearch.the-new-header_fy23_pc_search_bar.associationItem_pos_4&SearchScene=proSearch&SearchText=chocolates+for+sexual+enhancement&pro=true&from=pcHomeContent","New Arrivals Wholesale Sliding Drawer Box for Chocolate Rhino VIP Sexual Liquid Choco Pack","Sichuan Jiashimai E-Commerce Co., Ltd.","2 yrs","Min. order: 500 boxes","12% reorder rate","$5-10","for","Chocolate","≤2h response time","","","Sexual","","","","4.7","4.7/5.0","(30)","Chat now","","","","","Easy Return","","","","CN","","https://s.alicdn.com/@sc04/kf/H200d31a38ef64ac5a889278103fff059B.jpg_300x300.jpg","","","","","https://s.alicdn.com/@img/imgextra/i1/O1CN01H0fqnK1Gpp8Bpra4W_!!6000000000672-55-tps-20-21.svg","","","https://s.alicdn.com/@img/imgextra/i4/O1CN01QUhXLX1lDaB0DYt9b_!!6000000004785-2-tps-34-34.png","https://s.alicdn.com/@u/mobile/g/common/flags/1.0.0/assets/cn.png","https://s.alicdn.com/@img/imgextra/i3/O1CN01Bv2erf1UtOvnQdp1D_!!6000000002575-55-tps-12-10.svg","","","","https://s.alicdn.com/@img/imgextra/i1/O1CN01skevju1mJMrEIZqWk_!!6000000004933-55-tps-21-21.svg","https://s.alicdn.com/@img/imgextra/i1/O1CN01skevju1mJMrEIZqWk_!!6000000004933-55-tps-21-21.svg"
"1773523698-45","https://www.alibaba.com/search/page?spm=a2700.prosearch.the-new-header_fy23_pc_search_bar.associationItem_pos_4&SearchScene=proSearch&SearchText=chocolates+for+sexual+enhancement&pro=true&from=pcHomeContent","Hot Selling Chocolate Glossy Matt Lamination Sponge for Sexual Enhancement Embossing Custom Food Packaging Paper Box for Gift","Jinjiang Zhongneng Trading Co., Ltd.","1 yr","Min. order: 500 pieces","≤2h response time","$0.50-1.50","Chocolate","for","","","","Sexual","Enhancement","","","5.0","5.0/5.0","(6)","Chat now","for","","","","","","","","CN","","https://s.alicdn.com/@sc04/kf/H1cb5febd7b0b4e5fa4cbe80f024fdba4b.jpg_300x300.jpg","","","","","https://s.alicdn.com/@img/imgextra/i1/O1CN01H0fqnK1Gpp8Bpra4W_!!6000000000672-55-tps-20-21.svg","https://s.alicdn.com/@img/imgextra/i4/O1CN01ZQqlCv1icMsN1gizu_!!6000000004433-2-tps-172-64.png?webp=close&avif=close","","","https://s.alicdn.com/@u/mobile/g/common/flags/1.0.0/assets/cn.png","https://s.alicdn.com/@img/imgextra/i2/O1CN01lUQbI41ymTPgE2qXM_!!6000000006621-55-tps-12-10.svg","https://s.alicdn.com/@sc01/kf/H62868c75e7eb4fbba8f8eb600d749c2aR.png","","","https://s.alicdn.com/@img/imgextra/i1/O1CN01skevju1mJMrEIZqWk_!!6000000004933-55-tps-21-21.svg","https://s.alicdn.com/@img/imgextra/i1/O1CN01skevju1mJMrEIZqWk_!!6000000004933-55-tps-21-21.svg"
"1773523698-46","https://www.alibaba.com/search/page?spm=a2700.prosearch.the-new-header_fy23_pc_search_bar.associationItem_pos_4&SearchScene=proSearch&SearchText=chocolates+for+sexual+enhancement&pro=true&from=pcHomeContent","OEM/ODM Shilajit Chocolate for Men Pure Shilajit & Ashwagandha Energy & Stamina Support 12 Pieces Athletic Performance Support","Guangzhou Geilige E-Commerce Co., Ltd.","1 yr","Min. order: 50 pieces","≤1h response time","$5-6.50","Chocolate","for","","","","","","","","","","","Chat now","","","","","","","","","CN","","https://s.alicdn.com/@sc04/kf/H3a719a0df3304d4cab59675b8b0ab6dcA.png_300x300.png","","","","","https://s.alicdn.com/@img/imgextra/i1/O1CN01H0fqnK1Gpp8Bpra4W_!!6000000000672-55-tps-20-21.svg","","","","https://s.alicdn.com/@u/mobile/g/common/flags/1.0.0/assets/cn.png","https://s.alicdn.com/@img/imgextra/i2/O1CN01lUQbI41ymTPgE2qXM_!!6000000006621-55-tps-12-10.svg","","","","https://s.alicdn.com/@img/imgextra/i1/O1CN01skevju1mJMrEIZqWk_!!6000000004933-55-tps-21-21.svg","https://s.alicdn.com/@img/imgextra/i1/O1CN01skevju1mJMrEIZqWk_!!6000000004933-55-tps-21-21.svg"
"1773523698-47","https://www.alibaba.com/search/page?spm=a2700.prosearch.the-new-header_fy23_pc_search_bar.associationItem_pos_4&SearchScene=proSearch&SearchText=chocolates+for+sexual+enhancement&pro=true&from=pcHomeContent","Chocolate Box,rhino Choco,vip Choco","Qingdao Paifeite Biotechnology Co., Ltd.","4 yrs","Min. order: 500 boxes","33% reorder rate","$7-12","Chocolate","","≤6h response time","","","","","","","5.0","5.0/5.0","(6)","Chat now","","","","","Easy Return","","","","CN","","https://s.alicdn.com/@sc04/kf/H07ac4988d81d4a8cac50ded1a77489d1D.png_300x300.png","","","","","https://s.alicdn.com/@img/imgextra/i1/O1CN01H0fqnK1Gpp8Bpra4W_!!6000000000672-55-tps-20-21.svg","","","https://s.alicdn.com/@img/imgextra/i4/O1CN01QUhXLX1lDaB0DYt9b_!!6000000004785-2-tps-34-34.png","https://s.alicdn.com/@u/mobile/g/common/flags/1.0.0/assets/cn.png","https://s.alicdn.com/@img/imgextra/i3/O1CN01Bv2erf1UtOvnQdp1D_!!6000000002575-55-tps-12-10.svg","","","","https://s.alicdn.com/@img/imgextra/i1/O1CN01skevju1mJMrEIZqWk_!!6000000004933-55-tps-21-21.svg","https://s.alicdn.com/@img/imgextra/i1/O1CN01skevju1mJMrEIZqWk_!!6000000004933-55-tps-21-21.svg"
"1773523698-48","https://www.alibaba.com/search/page?spm=a2700.prosearch.the-new-header_fy23_pc_search_bar.associationItem_pos_4&SearchScene=proSearch&SearchText=chocolates+for+sexual+enhancement&pro=true&from=pcHomeContent","Hot Sell Rhino Choco Vip With Dark Chocolate Outer Packaging Vip Chocolate for Supplier Sex Product Packages","Guangxi Maiyue International Technology Co., Ltd.","1 yr","Min. order: 1 box","200+ store reviews","$4.98-8.99","Chocolate","Chocolate","14% reorder rate","","≤5h response time","for","","","","4.7","4.7/5.0","(118)","Chat now","","","","","Easy Return","","","","CN","","https://s.alicdn.com/@sc04/kf/H406cb390945346cc815da421cfdb5fde1.jpg_300x300.jpg","","","","","https://s.alicdn.com/@img/imgextra/i1/O1CN01H0fqnK1Gpp8Bpra4W_!!6000000000672-55-tps-20-21.svg","","","https://s.alicdn.com/@img/imgextra/i4/O1CN01QUhXLX1lDaB0DYt9b_!!6000000004785-2-tps-34-34.png","https://s.alicdn.com/@u/mobile/g/common/flags/1.0.0/assets/cn.png","https://s.alicdn.com/@img/imgextra/i3/O1CN01Bv2erf1UtOvnQdp1D_!!6000000002575-55-tps-12-10.svg","","https://s.alicdn.com/@img/imgextra/i3/O1CN01Bv2erf1UtOvnQdp1D_!!6000000002575-55-tps-12-10.svg","","https://s.alicdn.com/@img/imgextra/i1/O1CN01skevju1mJMrEIZqWk_!!6000000004933-55-tps-21-21.svg","https://s.alicdn.com/@img/imgextra/i1/O1CN01skevju1mJMrEIZqWk_!!6000000004933-55-tps-21-21.svg"
"1773523698-49","https://www.alibaba.com/search/page?spm=a2700.prosearch.the-new-header_fy23_pc_search_bar.associationItem_pos_4&SearchScene=proSearch&SearchText=chocolates+for+sexual+enhancement&pro=true&from=pcHomeContent","Hot Supplier High Quality Chocolate for Men Chocolate Box Mystery Box Men's Product Sexton Box for Male","Guangzhou Yinchuang Trading Co., Ltd.","1 yr","Min. order: 54 boxes","100+ store reviews","$5-8","Chocolate","for","11% reorder rate","","≤2h response time","Chocolate","for","","","4.7","4.7/5.0","(108)","Chat now","","","","","","","","","CN","","https://s.alicdn.com/@sc04/kf/H3c163862a27b43b9929f6e7e72b9458dj.jpg_300x300.jpg","","","","","https://s.alicdn.com/@img/imgextra/i1/O1CN01H0fqnK1Gpp8Bpra4W_!!6000000000672-55-tps-20-21.svg","","","","https://s.alicdn.com/@u/mobile/g/common/flags/1.0.0/assets/cn.png","https://s.alicdn.com/@img/imgextra/i3/O1CN01Bv2erf1UtOvnQdp1D_!!6000000002575-55-tps-12-10.svg","","https://s.alicdn.com/@img/imgextra/i3/O1CN01Bv2erf1UtOvnQdp1D_!!6000000002575-55-tps-12-10.svg","","https://s.alicdn.com/@img/imgextra/i1/O1CN01skevju1mJMrEIZqWk_!!6000000004933-55-tps-21-21.svg","https://s.alicdn.com/@img/imgextra/i1/O1CN01skevju1mJMrEIZqWk_!!6000000004933-55-tps-21-21.svg"
"1773523698-50","https://www.alibaba.com/search/page?spm=a2700.prosearch.the-new-header_fy23_pc_search_bar.associationItem_pos_4&SearchScene=proSearch&SearchText=chocolates+for+sexual+enhancement&pro=true&from=pcHomeContent","Male Libido Boost Chocolate Natural Energy & Vitality Support OEM ODM Private Label Bulk Supplier","Guangzhou Yocare Health Industry Co., Ltd.","1 yr","Min. order: 5000 boxes","16% reorder rate","$0.50-1","Chocolate","","≤11h response time","","","","","","","5.0","5.0/5.0","(2)","Chat now","","","","","","","certified","","CN","","https://s.alicdn.com/@sc04/kf/H8f09e639e2ff407bb29621f9d6bd577cn.png_300x300.png","","","","","https://s.alicdn.com/@img/imgextra/i1/O1CN01H0fqnK1Gpp8Bpra4W_!!6000000000672-55-tps-20-21.svg","https://s.alicdn.com/@sc04/kf/Haef259c4e6174b0e820f05108e54bfca7.png_100x100.png?webp=close&avif=close","","","https://s.alicdn.com/@u/mobile/g/common/flags/1.0.0/assets/cn.png","https://s.alicdn.com/@img/imgextra/i2/O1CN01lUQbI41ymTPgE2qXM_!!6000000006621-55-tps-12-10.svg","https://s.alicdn.com/@sc01/kf/H62868c75e7eb4fbba8f8eb600d749c2aR.png","","","https://s.alicdn.com/@img/imgextra/i1/O1CN01skevju1mJMrEIZqWk_!!6000000004933-55-tps-21-21.svg","https://s.alicdn.com/@img/imgextra/i1/O1CN01skevju1mJMrEIZqWk_!!6000000004933-55-tps-21-21.svg"
"1773523698-51","https://www.alibaba.com/search/page?spm=a2700.prosearch.the-new-header_fy23_pc_search_bar.associationItem_pos_4&SearchScene=proSearch&SearchText=chocolates+for+sexual+enhancement&pro=true&from=pcHomeContent","Wholesale Enhancement Men's Energy Rhino Chocolate for Men Royal Choco","Shaanxi Jialinhui Trading Co., Ltd.","1 yr","Min. order: 1 box","100+ store reviews","$5.99-10.95","Enhancement","Chocolate","22% reorder rate","97 sold","≤2h response time","for","","","","4.7","4.7/5.0","(13)","Chat now","","","","","","","","","CN","","https://s.alicdn.com/@sc04/kf/Hc4310c5ba2bb4eaabdcb7b840ad72206V.png_300x300.png","","","","","https://s.alicdn.com/@img/imgextra/i1/O1CN01H0fqnK1Gpp8Bpra4W_!!6000000000672-55-tps-20-21.svg","","","","https://s.alicdn.com/@u/mobile/g/common/flags/1.0.0/assets/cn.png","https://s.alicdn.com/@img/imgextra/i3/O1CN01Bv2erf1UtOvnQdp1D_!!6000000002575-55-tps-12-10.svg","","https://s.alicdn.com/@img/imgextra/i3/O1CN01Bv2erf1UtOvnQdp1D_!!6000000002575-55-tps-12-10.svg","https://s.alicdn.com/@img/imgextra/i3/O1CN01Bv2erf1UtOvnQdp1D_!!6000000002575-55-tps-12-10.svg","https://s.alicdn.com/@img/imgextra/i1/O1CN01skevju1mJMrEIZqWk_!!6000000004933-55-tps-21-21.svg","https://s.alicdn.com/@img/imgextra/i1/O1CN01skevju1mJMrEIZqWk_!!6000000004933-55-tps-21-21.svg"
"1773523698-52","https://www.alibaba.com/search/page?spm=a2700.prosearch.the-new-header_fy23_pc_search_bar.associationItem_pos_4&SearchScene=proSearch&SearchText=chocolates+for+sexual+enhancement&pro=true&from=pcHomeContent","New Arrivals Wholesale for Chocolate Rhin'o Vip Sexual Liquid Choco Pack Chocolate Rhin'o Vip Chocolate 20ft Container Supply","Shaanxi Huiting Times Health Technology Co., Ltd.","1 yr","Min. order: 100 boxes","9% reorder rate","$5-9","for","Chocolate","≤3h response time","","","Sexual","Chocolate","","","4.6","4.6/5.0","(10)","Chat now","Chocolate","","","","","","","","CN","","https://s.alicdn.com/@sc04/kf/H8d3e9892ebed4b159ceb7125d1c9f0ddV.png_300x300.png","","","","","https://s.alicdn.com/@img/imgextra/i1/O1CN01H0fqnK1Gpp8Bpra4W_!!6000000000672-55-tps-20-21.svg","","","","https://s.alicdn.com/@u/mobile/g/common/flags/1.0.0/assets/cn.png","https://s.alicdn.com/@img/imgextra/i3/O1CN01Bv2erf1UtOvnQdp1D_!!6000000002575-55-tps-12-10.svg","","","","https://s.alicdn.com/@img/imgextra/i1/O1CN01skevju1mJMrEIZqWk_!!6000000004933-55-tps-21-21.svg","https://s.alicdn.com/@img/imgextra/i1/O1CN01skevju1mJMrEIZqWk_!!6000000004933-55-tps-21-21.svg"
"1773523698-53","https://www.alibaba.com/search/page?spm=a2700.prosearch.the-new-header_fy23_pc_search_bar.associationItem_pos_4&SearchScene=proSearch&SearchText=chocolates+for+sexual+enhancement&pro=true&from=pcHomeContent","Wholesale Sexual Supplements Rhino Choco Vip Chocolate","Guang Zhou Shi Shuo Li Package &Printing Co.,LTD","9 yrs","Min. order: 300 pieces","28% reorder rate","$0.30-0.70","Sexual","Chocolate","","","","","","","","5.0","5.0/5.0","(1)","Chat now","","","","","Easy Return","","","","CN","","https://s.alicdn.com/@sc04/kf/Hfcd6b59d70b5468dbb9b253f9c37a673i.jpg_300x300.jpg","","","","","https://s.alicdn.com/@img/imgextra/i1/O1CN01H0fqnK1Gpp8Bpra4W_!!6000000000672-55-tps-20-21.svg","","","https://s.alicdn.com/@img/imgextra/i4/O1CN01QUhXLX1lDaB0DYt9b_!!6000000004785-2-tps-34-34.png","https://s.alicdn.com/@u/mobile/g/common/flags/1.0.0/assets/cn.png","https://s.alicdn.com/@img/imgextra/i3/O1CN01Bv2erf1UtOvnQdp1D_!!6000000002575-55-tps-12-10.svg","","","","https://s.alicdn.com/@img/imgextra/i1/O1CN01skevju1mJMrEIZqWk_!!6000000004933-55-tps-21-21.svg","https://s.alicdn.com/@img/imgextra/i1/O1CN01skevju1mJMrEIZqWk_!!6000000004933-55-tps-21-21.svg"
"1773523698-54","https://www.alibaba.com/search/page?spm=a2700.prosearch.the-new-header_fy23_pc_search_bar.associationItem_pos_4&SearchScene=proSearch&SearchText=chocolates+for+sexual+enhancement&pro=true&from=pcHomeContent","Sex Sexual Aphrodisiacs Products for Couple & Husband and Wife in Chocolate Sexual Exciting Aphrodisiacs Chocolate","Kelaien Food Technology (foshan) Co., Ltd.","1 yr","Min. order: 500 boxes","14% reorder rate","$3-3.50","Sexual","for","700+ views from North America","","≤2h response time","Chocolate","Sexual","","","4.5","4.5/5.0","(4)","Chat now","Chocolate","","","5% off $2,000","","certified","","5% off $2,000","CN","","https://s.alicdn.com/@sc04/kf/H75656e4391a3486bbb8b0dee22c9cadbt.png_300x300.png","https://s.alicdn.com/@img/imgextra/i3/O1CN01mhQx6j25bfQson9wW_!!6000000007545-2-tps-56-56.png","","","https://s.alicdn.com/@sc04/kf/Hdbbb6a106e8d4515be692063768d8fd4J.png_100x100.png?webp=close&avif=close","https://s.alicdn.com/@img/imgextra/i1/O1CN01H0fqnK1Gpp8Bpra4W_!!6000000000672-55-tps-20-21.svg","https://s.alicdn.com/@img/imgextra/i4/O1CN01ZQqlCv1icMsN1gizu_!!6000000004433-2-tps-172-64.png?webp=close&avif=close","https://s.alicdn.com/@img/imgextra/i3/O1CN01mhQx6j25bfQson9wW_!!6000000007545-2-tps-56-56.png","","https://s.alicdn.com/@u/mobile/g/common/flags/1.0.0/assets/cn.png","https://s.alicdn.com/@img/imgextra/i2/O1CN01lUQbI41ymTPgE2qXM_!!6000000006621-55-tps-12-10.svg","https://s.alicdn.com/@sc01/kf/H62868c75e7eb4fbba8f8eb600d749c2aR.png","","","https://s.alicdn.com/@img/imgextra/i1/O1CN01skevju1mJMrEIZqWk_!!6000000004933-55-tps-21-21.svg","https://s.alicdn.com/@img/imgextra/i1/O1CN01skevju1mJMrEIZqWk_!!6000000004933-55-tps-21-21.svg"
"1773523698-55","https://www.alibaba.com/search/page?spm=a2700.prosearch.the-new-header_fy23_pc_search_bar.associationItem_pos_4&SearchScene=proSearch&SearchText=chocolates+for+sexual+enhancement&pro=true&from=pcHomeContent","Natural Desire Enhancement Chocolate for Men - Supports Marital Harmony & Vitality with Herbal Ingredients - Ignites Inner Drive","Guangxi Xingyao Chuangsheng Biotechnology Co., Ltd.","1 yr","Min. order: 1000 bags","31% reorder rate","$6-7","Enhancement","Chocolate","","","","for","","","","4.4","4.4/5.0","(34)","Chat now","","","","","","","","","CN","","https://s.alicdn.com/@sc04/kf/Hcd806f45792c4a73a84eba72346a3d75z.jpg_300x300.jpg","","","","","https://s.alicdn.com/@img/imgextra/i1/O1CN01H0fqnK1Gpp8Bpra4W_!!6000000000672-55-tps-20-21.svg","","","","https://s.alicdn.com/@u/mobile/g/common/flags/1.0.0/assets/cn.png","https://s.alicdn.com/@img/imgextra/i2/O1CN01lUQbI41ymTPgE2qXM_!!6000000006621-55-tps-12-10.svg","","","","https://s.alicdn.com/@img/imgextra/i1/O1CN01skevju1mJMrEIZqWk_!!6000000004933-55-tps-21-21.svg","https://s.alicdn.com/@img/imgextra/i1/O1CN01skevju1mJMrEIZqWk_!!6000000004933-55-tps-21-21.svg"
"1773523698-56","https://www.alibaba.com/search/page?spm=a2700.prosearch.the-new-header_fy23_pc_search_bar.associationItem_pos_4&SearchScene=proSearch&SearchText=chocolates+for+sexual+enhancement&pro=true&from=pcHomeContent","Epimedium Tongkat Ali Chocolate for Enhancing Male Women Desire for Conjugal Life Chocolate Suitable for Active Sexual in Adult","Villes Food (guangzhou) Co., Ltd.","2 yrs","Min. order: 1000 boxes","100+ store reviews","$2-2.10","Chocolate","for","9% reorder rate","20 sold","200+ views from North America","Enhancing","for","≤2h response time","for","4.6","4.6/5.0","(83)","Chat now","Chocolate","","","","","","","","CN","","https://s.alicdn.com/@sc04/kf/H48afd29f077c462294d97bd4130a2bfdk.jpg_300x300.jpg","","","","","https://s.alicdn.com/@img/imgextra/i1/O1CN01H0fqnK1Gpp8Bpra4W_!!6000000000672-55-tps-20-21.svg","","","","https://s.alicdn.com/@u/mobile/g/common/flags/1.0.0/assets/cn.png","https://s.alicdn.com/@img/imgextra/i3/O1CN01Bv2erf1UtOvnQdp1D_!!6000000002575-55-tps-12-10.svg","https://s.alicdn.com/@sc01/kf/H62868c75e7eb4fbba8f8eb600d749c2aR.png","","","https://s.alicdn.com/@img/imgextra/i1/O1CN01skevju1mJMrEIZqWk_!!6000000004933-55-tps-21-21.svg","https://s.alicdn.com/@img/imgextra/i1/O1CN01skevju1mJMrEIZqWk_!!6000000004933-55-tps-21-21.svg"
"1773523698-57","https://www.alibaba.com/search/page?spm=a2700.prosearch.the-new-header_fy23_pc_search_bar.associationItem_pos_4&SearchScene=proSearch&SearchText=chocolates+for+sexual+enhancement&pro=true&from=pcHomeContent","Natural Herbal Exciting Enhancement Libido Aphrodisiac Chocolate - Custom OEM Supplement Formula for Adult","AURAWELL BIOTECHNOLOGY LIMITED","1 yr","Min. order: 5 pieces","11% reorder rate","","Enhancement","Chocolate","300+ views from North America","","≤1h response time","for","","","","4.9","4.9/5.0","(8)","Chat now","","$6.99-7.39","10% off","","","","","180-day lowest prices","HK","","https://s.alicdn.com/@sc04/kf/Hf5bc38ccda8949bf85571b05c4685d19z.jpg_300x300.jpg","https://s.alicdn.com/@sc01/kf/He15f3630b6674cb697c45c43f49fc3752.png","","","","https://s.alicdn.com/@img/imgextra/i1/O1CN01H0fqnK1Gpp8Bpra4W_!!6000000000672-55-tps-20-21.svg","https://s.alicdn.com/@img/imgextra/i4/O1CN01ZQqlCv1icMsN1gizu_!!6000000004433-2-tps-172-64.png?webp=close&avif=close","","","https://s.alicdn.com/@u/mobile/g/common/flags/1.0.0/assets/hk.png","https://s.alicdn.com/@img/imgextra/i3/O1CN01Bv2erf1UtOvnQdp1D_!!6000000002575-55-tps-12-10.svg","","https://s.alicdn.com/@img/imgextra/i3/O1CN01Bv2erf1UtOvnQdp1D_!!6000000002575-55-tps-12-10.svg","","https://s.alicdn.com/@img/imgextra/i1/O1CN01skevju1mJMrEIZqWk_!!6000000004933-55-tps-21-21.svg","https://s.alicdn.com/@img/imgextra/i1/O1CN01skevju1mJMrEIZqWk_!!6000000004933-55-tps-21-21.svg"
"1773523698-58","https://www.alibaba.com/search/page?spm=a2700.prosearch.the-new-header_fy23_pc_search_bar.associationItem_pos_4&SearchScene=proSearch&SearchText=chocolates+for+sexual+enhancement&pro=true&from=pcHomeContent","OEM Hot Sale Shilajit Chocolate Pure Himalayan Shilajit With 85+ Trace Minerals Men's Supplement Boost Stamina Libido Chocolate","Benyuanda Health Technology Industry (Guangdong) Co., Ltd.","3 yrs","Min. order: 2000 pieces","100+ store reviews","$7-7.50","Chocolate","Chocolate","42% reorder rate","","≤5h response time","","","","","4.7","4.7/5.0","(40)","Chat now","","","","5% off $2,000","","","","5% off $2,000","CN","","https://s.alicdn.com/@sc04/kf/Hb48cad69f3b7479fb75fba412fd72961j.png_300x300.png","https://s.alicdn.com/@img/imgextra/i3/O1CN01mhQx6j25bfQson9wW_!!6000000007545-2-tps-56-56.png","","","","https://s.alicdn.com/@img/imgextra/i1/O1CN01H0fqnK1Gpp8Bpra4W_!!6000000000672-55-tps-20-21.svg","https://s.alicdn.com/@img/imgextra/i4/O1CN01ZQqlCv1icMsN1gizu_!!6000000004433-2-tps-172-64.png?webp=close&avif=close","https://s.alicdn.com/@img/imgextra/i3/O1CN01mhQx6j25bfQson9wW_!!6000000007545-2-tps-56-56.png","","https://s.alicdn.com/@u/mobile/g/common/flags/1.0.0/assets/cn.png","https://s.alicdn.com/@img/imgextra/i3/O1CN01Bv2erf1UtOvnQdp1D_!!6000000002575-55-tps-12-10.svg","https://s.alicdn.com/@sc01/kf/H62868c75e7eb4fbba8f8eb600d749c2aR.png","","","https://s.alicdn.com/@img/imgextra/i1/O1CN01skevju1mJMrEIZqWk_!!6000000004933-55-tps-21-21.svg","https://s.alicdn.com/@img/imgextra/i1/O1CN01skevju1mJMrEIZqWk_!!6000000004933-55-tps-21-21.svg"
"1773523698-59","https://www.alibaba.com/search/page?spm=a2700.prosearch.the-new-header_fy23_pc_search_bar.associationItem_pos_4&SearchScene=proSearch&SearchText=chocolates+for+sexual+enhancement&pro=true&from=pcHomeContent","Hot Selling OEM Himalayan Dietary Supplement Boost Shilajit Chocolate with Label Design for Man","Guangzhou Ludingji Biotechnology Co., Ltd.","8 yrs","Min. order: 500 pieces","100+ store reviews","$6.80-7.50","Chocolate","for","26% reorder rate","","≤6h response time","","","","","4.7","4.7/5.0","(22)","Chat now","","","","","","","","","CN","","https://s.alicdn.com/@sc04/kf/H025aca014b4f4c73849bd3f5e6a1439bT.jpg_300x300.jpg","","","","","https://s.alicdn.com/@img/imgextra/i1/O1CN01H0fqnK1Gpp8Bpra4W_!!6000000000672-55-tps-20-21.svg","","","","https://s.alicdn.com/@u/mobile/g/common/flags/1.0.0/assets/cn.png","https://s.alicdn.com/@img/imgextra/i2/O1CN01lUQbI41ymTPgE2qXM_!!6000000006621-55-tps-12-10.svg","https://s.alicdn.com/@sc01/kf/H62868c75e7eb4fbba8f8eb600d749c2aR.png","","","https://s.alicdn.com/@img/imgextra/i1/O1CN01skevju1mJMrEIZqWk_!!6000000004933-55-tps-21-21.svg","https://s.alicdn.com/@img/imgextra/i1/O1CN01skevju1mJMrEIZqWk_!!6000000004933-55-tps-21-21.svg"
"1773523698-60","https://www.alibaba.com/search/page?spm=a2700.prosearch.the-new-header_fy23_pc_search_bar.associationItem_pos_4&SearchScene=proSearch&SearchText=chocolates+for+sexual+enhancement&pro=true&from=pcHomeContent","Hot Selling Royal R-hino Choco VIP Chocolate Outer Packing Box Premium Sex Products Packaging","Xi 'an Xianglinsheng trading Co., LTD","2 yrs","Min. order: 54 boxes","1400+ store reviews","$7-7.50","Chocolate","","20% reorder rate","7 sold","≤1h response time","","","","","4.8","4.8/5.0","(192)","Chat now","","","","","Easy Return","","","","CN","","https://s.alicdn.com/@sc04/kf/H0786c37a55344cf78b7f4f3c73a5d512N.jpg_300x300.jpg","","","","","https://s.alicdn.com/@img/imgextra/i1/O1CN01H0fqnK1Gpp8Bpra4W_!!6000000000672-55-tps-20-21.svg","","","https://s.alicdn.com/@img/imgextra/i4/O1CN01QUhXLX1lDaB0DYt9b_!!6000000004785-2-tps-34-34.png","https://s.alicdn.com/@u/mobile/g/common/flags/1.0.0/assets/cn.png","https://s.alicdn.com/@img/imgextra/i3/O1CN01Bv2erf1UtOvnQdp1D_!!6000000002575-55-tps-12-10.svg","","https://s.alicdn.com/@img/imgextra/i3/O1CN01Bv2erf1UtOvnQdp1D_!!6000000002575-55-tps-12-10.svg","https://s.alicdn.com/@img/imgextra/i3/O1CN01Bv2erf1UtOvnQdp1D_!!6000000002575-55-tps-12-10.svg","https://s.alicdn.com/@img/imgextra/i1/O1CN01skevju1mJMrEIZqWk_!!6000000004933-55-tps-21-21.svg","https://s.alicdn.com/@img/imgextra/i1/O1CN01skevju1mJMrEIZqWk_!!6000000004933-55-tps-21-21.svg"
